id,subject,topic_code,topic_name,exam_year,question_type,part_no,difficulty_level,content,media_url,payload,metadata,is_active,published_by,created_at,updated_at,grade_level
02ea9056-f680-4781-b3e1-8d728cd7eb81,math,derivative,Đạo hàm,2026,MULTIPLE_CHOICE,1,2,Cho hàm số y = x^{2}e^{x}. Đạo hàm của hàm số là,,"{""options"":[{""id"":""A"",""text"":""e^{x} (x^{2} + 2x).""},{""id"":""B"",""text"":""e^{x} (2x + 1).""},{""id"":""C"",""text"":""x^{2}e^{x} + 2e^{x}.""},{""id"":""D"",""text"":""e^{x} (x^{2} + 2x + 1).""}],""explanation"":""Sử dụng quy tắc đạo hàm tích (u \\cdot v)’ = u’v + uv’ với u = x^{2} và v = e^{x}. Kết quả đạo hàm là y’ = 2xe^{x} + x^{2}e^{x}. Khi đặt e^{x} ra ngoài làm nhân tử chung, ta được y’ = e^{x}(x^{2} + 2x)"",""correct_option_id"":""A""}","{""tags"":[""product_rule"",""exponential_function"",""calculation"",""basic""],""crawl_time"":""2026-04-13T16:31:37.276225Z"",""hypothesis_tag"":""H02_ExpLog"",""quality_status"":""reviewed"",""source_provider"":""toanmath"",""source_question_id"":""MATH_DERIV_36""}",true,,2026-04-16 00:40:52.55419+00,2026-04-16 00:40:52.55419+00,11
1422b64c-a595-4c9c-bb04-f62b0619f165,math,derivative,Đạo hàm,2026,MULTIPLE_CHOICE,1,3,Đạo hàm của y = \sqrt{2x+1} là,,"{""options"":[{""id"":""A"",""text"":""\\frac{1}{2\\sqrt{2x+1}}""},{""id"":""B"",""text"":""\\frac{1}{\\sqrt{2x+1}}""},{""id"":""C"",""text"":""\\frac{2}{\\sqrt{2x+1}}""},{""id"":""D"",""text"":""\\sqrt{2x+1}""}],""explanation"":""y = (2x+1)^{1/2} nên y' = \\frac{1}{2}(2x+1)^{-1/2}\\cdot 2 = \\frac{1}{\\sqrt{2x+1}}."",""correct_option_id"":""B""}","{""tags"":[""chain_rule"",""sqrt"",""composition""],""crawl_time"":""2026-04-15T09:00:00Z"",""hypothesis_tag"":""H03_Chain"",""quality_status"":""reviewed"",""source_provider"":""growmate_curated"",""source_question_id"":""MATH_DERIV_65""}",true,,2026-04-16 00:40:52.55419+00,2026-04-16 00:40:52.55419+00,11
17d30758-36ee-4110-8ef4-68a17bd4908e,math,derivative,Đạo hàm,2026,MULTIPLE_CHOICE,1,2,Tính đạo hàm của hàm số y = (x + 1)/(x - 2) tại x_{0} = 1.,,"{""options"":[{""id"":""A"",""text"":""Không tồn tại""},{""id"":""B"",""text"":""0""},{""id"":""C"",""text"":""-1""},{""id"":""D"",""text"":""-3""}],""explanation"":""y^{\\prime} = -3/(x - 2)^{2}. Tại x = 1, y^{\\prime}(1) = -3/(1 - 2)^{2} = -3"",""correct_option_id"":""D""}","{""tags"":[""quotient_rule"",""calculation""],""crawl_time"":""2026-04-13T16:31:37.274242Z"",""hypothesis_tag"":""H04_Rules"",""quality_status"":""reviewed"",""source_provider"":""toanmath"",""source_question_id"":""MATH_DERIV_4""}",true,,2026-04-16 00:40:52.55419+00,2026-04-16 00:40:52.55419+00,11
1976d93b-54b8-45c1-9001-c536993d7d19,math,derivative,Đạo hàm,2026,TRUE_FALSE_CLUSTER,2,2,Cho hàm số f(x) = x^{3} + 3x^{2} + 5. Xét tính đúng sai,,"{""general_hint"":""Khi giải bất phương trình bậc hai ax^{2} + bx + c < 0, hãy tìm nghiệm của phương trình tương ứng và xét dấu \""trong trái ngoài cùng\"" với hệ số a."",""sub_questions"":[{""id"":""a"",""text"":""f^{\\prime}(x) = 3x^{2} + 6x + 1, ∀x ∈ ℝ."",""is_true"":false,""explanation"":""Đạo hàm đúng là f’(x) = 3x^{2} + 6x. Qua tính toán: (a) sai vì thừa số 1; (b) sai vì f’(-1) = -3; (c) sai vì nghiệm của bất phương trình 3x^{2} + 6x - 1 < 0 không phải là (-2;0); (d) sai vì f’(2) = 24 và phương trình f’(x) = 1 không có nghiệm x = -1.""},{""id"":""b"",""text"":""f^{\\prime}(-1) = 2."",""is_true"":false,""explanation"":""Đạo hàm đúng là f’(x) = 3x^{2} + 6x. Qua tính toán: (a) sai vì thừa số 1; (b) sai vì f’(-1) = -3; (c) sai vì nghiệm của bất phương trình 3x^{2} + 6x - 1 < 0 không phải là (-2;0); (d) sai vì f’(2) = 24 và phương trình f’(x) = 1 không có nghiệm x = -1.""},{""id"":""c"",""text"":""f^{\\prime}(x) < 1 \\Leftrightarrow x ∈ (-2;0)."",""is_true"":false,""explanation"":""Đạo hàm đúng là f’(x) = 3x^{2} + 6x. Qua tính toán: (a) sai vì thừa số 1; (b) sai vì f’(-1) = -3; (c) sai vì nghiệm của bất phương trình 3x^{2} + 6x - 1 < 0 không phải là (-2;0); (d) sai vì f’(2) = 24 và phương trình f’(x) = 1 không có nghiệm x = -1.""},{""id"":""d"",""text"":""f^{\\prime}(2) = 1 \\Leftrightarrow x = -1."",""is_true"":false,""explanation"":""Đạo hàm đúng là f’(x) = 3x^{2} + 6x. Qua tính toán: (a) sai vì thừa số 1; (b) sai vì f’(-1) = -3; (c) sai vì nghiệm của bất phương trình 3x^{2} + 6x - 1 < 0 không phải là (-2;0); (d) sai vì f’(2) = 24 và phương trình f’(x) = 1 không có nghiệm x = -1.""}]}","{""tags"":[""calculation"",""quadratic_inequality"",""derivative_values"",""polynomial_function""],""crawl_time"":""2026-04-13T16:31:37.276507Z"",""hypothesis_tag"":""H04_Rules"",""quality_status"":""reviewed"",""source_provider"":""toanmath"",""source_question_id"":""MATH_DERIV_40""}",true,,2026-04-16 00:40:52.55419+00,2026-04-16 00:40:52.55419+00,11
1a96dead-f800-4919-86f0-161c061cea8a,math,derivative,Đạo hàm,2026,SHORT_ANSWER,3,2,"Một viên đạn được bắn lên cao theo phương trình s(t) = 196t - 4.9t^{2}, trong đó t > 0. Tại thời điểm vận tốc của viên đạn bằng 0 thì viên đạn cách mặt đất bao nhiêu mét?",,"{""explanation"":""v(t) = s^{\\prime}(t) = (196t - 4.9t^{2})' . Khi vận tốc của viên đạn bằng 0 ($v(t) = 0$), ta có phương trình: 196 - 9.8t = 0 \\Rightarrow t = 20. s(20)=1960 m"",""exact_answer"":""1960"",""accepted_answers"":[""1960""]}","{""tags"":[""velocity"",""physics_application"",""calculation""],""crawl_time"":""2026-04-13T16:31:37.274942Z"",""hypothesis_tag"":""H04_Rules"",""quality_status"":""reviewed"",""source_provider"":""toanmath"",""source_question_id"":""MATH_DERIV_21""}",true,,2026-04-16 00:40:52.55419+00,2026-04-16 00:40:52.55419+00,11
1fe9b6e6-53b0-468e-8197-ccac6966770d,math,derivative,Đạo hàm,2026,MULTIPLE_CHOICE,1,3,Cho y = \sin x \cdot \cos x. Giá trị của y^{\prime}(\pi/4) là,,"{""options"":[{""id"":""A"",""text"":""0""},{""id"":""B"",""text"":""1""},{""id"":""C"",""text"":""-1""},{""id"":""D"",""text"":""1/2""}],""explanation"":""y = \\frac{1}{2}\\sin(2x) nên y^{\\prime} = \\cos(2x). Tại x = \\pi/4: y^{\\prime} = \\cos(\\pi/2) = 0."",""correct_option_id"":""A""}","{""tags"":[""trigonometry"",""product_rule"",""calculation""],""crawl_time"":""2026-04-15T09:00:00Z"",""hypothesis_tag"":""H01_Trig"",""quality_status"":""reviewed"",""source_provider"":""growmate_curated"",""source_question_id"":""MATH_DERIV_54""}",true,,2026-04-16 00:40:52.55419+00,2026-04-16 00:40:52.55419+00,11
2390aeec-7493-4954-ba5e-1b7259282887,math,derivative,Đạo hàm,2026,MULTIPLE_CHOICE,1,3,Cho y = xe^x. Giá trị y^{\prime}(1) là,,"{""options"":[{""id"":""A"",""text"":""e""},{""id"":""B"",""text"":""2e""},{""id"":""C"",""text"":""e^2""},{""id"":""D"",""text"":""1+e""}],""explanation"":""Theo product rule: y' = e^x + xe^x = (x+1)e^x. Tại x=1 ta có y^{\\prime}(1)=2e."",""correct_option_id"":""B""}","{""tags"":[""exponential_function"",""product_rule"",""calculation""],""crawl_time"":""2026-04-15T09:00:00Z"",""hypothesis_tag"":""H02_ExpLog"",""quality_status"":""reviewed"",""source_provider"":""growmate_curated"",""source_question_id"":""MATH_DERIV_60""}",true,,2026-04-16 00:40:52.55419+00,2026-04-16 00:40:52.55419+00,11
24eef394-5139-46d8-a70d-55d905ae853e,math,derivative,Đạo hàm,2026,TRUE_FALSE_CLUSTER,2,2,Cho hàm số y = x^{3} + ax^{2} + bx + c thỏa mãn y’(0) + y’(1) = 1. Xét tính đúng sai,,"{""general_hint"":""Bắt đầu bằng cách khai thác giả thiết y’(0) + y’(1) = 1 để tìm mối quan hệ giữa các hệ số a và b. Với các bài toán tìm cực trị của biểu thức nhiều biến (như a^{2} + b^{2}), hãy rút một biến theo biến còn lại để đưa về hàm số bậc hai một biến."",""sub_questions"":[{""id"":""a"",""text"":""y’ = 3x^{2} + 2ax +"",""is_true"":true,""explanation"":""Đạo hàm là y’ = 3x^{2} + 2ax + b (a đúng). Từ giả thiết, ta rút gọn được mối quan hệ a + b = -1, suy ra a + b < 0 (b sai). Biểu thức a^{2} + b^{2} đạt giá trị nhỏ nhất bằng 1/2 tại a = b = -1/2 (c sai). Cuối cùng, y(1) = c, vì c là tham số tự do nên không thể khẳng định y(1) < 2 (d sai).""},{""id"":""b"",""text"":""a + b > 0."",""is_true"":false,""explanation"":""Đạo hàm là y’ = 3x^{2} + 2ax + b (a đúng). Từ giả thiết, ta rút gọn được mối quan hệ a + b = -1, suy ra a + b < 0 (b sai). Biểu thức a^{2} + b^{2} đạt giá trị nhỏ nhất bằng 1/2 tại a = b = -1/2 (c sai). Cuối cùng, y(1) = c, vì c là tham số tự do nên không thể khẳng định y(1) < 2 (d sai).""},{""id"":""c"",""text"":""Giá trị nhỏ nhất của a^{2} + b^{2} bằng 1."",""is_true"":false,""explanation"":""Đạo hàm là y’ = 3x^{2} + 2ax + b (a đúng). Từ giả thiết, ta rút gọn được mối quan hệ a + b = -1, suy ra a + b < 0 (b sai). Biểu thức a^{2} + b^{2} đạt giá trị nhỏ nhất bằng 1/2 tại a = b = -1/2 (c sai). Cuối cùng, y(1) = c, vì c là tham số tự do nên không thể khẳng định y(1) < 2 (d sai).""},{""id"":""d"",""text"":""y(1) < 2."",""is_true"":false,""explanation"":""Đạo hàm là y’ = 3x^{2} + 2ax + b (a đúng). Từ giả thiết, ta rút gọn được mối quan hệ a + b = -1, suy ra a + b < 0 (b sai). Biểu thức a^{2} + b^{2} đạt giá trị nhỏ nhất bằng 1/2 tại a = b = -1/2 (c sai). Cuối cùng, y(1) = c, vì c là tham số tự do nên không thể khẳng định y(1) < 2 (d sai).""}]}","{""tags"":[""polynomial_function"",""parameter"",""optimization"",""calculation""],""crawl_time"":""2026-04-13T16:31:37.276769Z"",""hypothesis_tag"":""H04_Rules"",""quality_status"":""reviewed"",""source_provider"":""toanmath"",""source_question_id"":""MATH_DERIV_44""}",true,,2026-04-16 00:40:52.55419+00,2026-04-16 00:40:52.55419+00,11
28bc70d5-b1a8-4987-80d6-1439d146ab64,math,derivative,Đạo hàm,2026,TRUE_FALSE_CLUSTER,2,2,Dùng định nghĩa để tính đạo hàm của hàm số f(x) = 2x^{3} . Khi đó,,"{""general_hint"":""Định nghĩa đạo hàm tại x_{0} là giới hạn của tỉ số Δy/Δx khi Δx ->0. Khi tính giới hạn để tìm đạo hàm hàm đa thức, hãy sử dụng hằng đẳng thức (ở đây là a^{3} - b^{3}) để triệt tiêu mẫu số (x - x_{0}). Sau khi có công thức đạo hàm f^{\\prime}(x) = 6x^{2}, chỉ cần thế số để kiểm tra các câu còn lại."",""sub_questions"":[{""id"":""a"",""text"":""Với bất kì x_{0}: f^{\\prime}(x_{0}) = \\lim [f(x)-f(x_{0})]/(x-x_{0})."",""is_true"":true,""explanation"":""Mệnh đề (a) đúng vì đó là định nghĩa cơ bản của đạo hàm. Bằng cách sử dụng giới hạn và hằng đẳng thức x^{3} - x_{0}^{3}, ta tìm được công thức đạo hàm là f^{\\prime}(x) = 6x^{2}. Từ đó: f^{\\prime}(1) = 6 (nên b sai), f^{\\prime}(0) = 0 (nên c đúng), và f^{\\prime}(2) = 24 (nên d đúng).""},{""id"":""b"",""text"":""f^{\\prime}(1) = -6."",""is_true"":false,""explanation"":""Mệnh đề (a) đúng vì đó là định nghĩa cơ bản của đạo hàm. Bằng cách sử dụng giới hạn và hằng đẳng thức x^{3} - x_{0}^{3}, ta tìm được công thức đạo hàm là f^{\\prime}(x) = 6x^{2}. Từ đó: f^{\\prime}(1) = 6 (nên b sai), f^{\\prime}(0) = 0 (nên c đúng), và f^{\\prime}(2) = 24 (nên d đúng).""},{""id"":""c"",""text"":""f^{\\prime}(0) = 0."",""is_true"":true,""explanation"":""Mệnh đề (a) đúng vì đó là định nghĩa cơ bản của đạo hàm. Bằng cách sử dụng giới hạn và hằng đẳng thức x^{3} - x_{0}^{3}, ta tìm được công thức đạo hàm là f^{\\prime}(x) = 6x^{2}. Từ đó: f^{\\prime}(1) = 6 (nên b sai), f^{\\prime}(0) = 0 (nên c đúng), và f^{\\prime}(2) = 24 (nên d đúng).""},{""id"":""d"",""text"":""f^{\\prime}(2) = 24"",""is_true"":true,""explanation"":""Mệnh đề (a) đúng vì đó là định nghĩa cơ bản của đạo hàm. Bằng cách sử dụng giới hạn và hằng đẳng thức x^{3} - x_{0}^{3}, ta tìm được công thức đạo hàm là f^{\\prime}(x) = 6x^{2}. Từ đó: f^{\\prime}(1) = 6 (nên b sai), f^{\\prime}(0) = 0 (nên c đúng), và f^{\\prime}(2) = 24 (nên d đúng).""}]}","{""tags"":[""definition"",""limit"",""calculation"",""power_rule"",""cubic_function""],""crawl_time"":""2026-04-13T16:31:37.276148Z"",""hypothesis_tag"":""H04_Rules"",""quality_status"":""reviewed"",""source_provider"":""toanmath"",""source_question_id"":""MATH_DERIV_35""}",true,,2026-04-16 00:40:52.55419+00,2026-04-16 00:40:52.55419+00,11
29010fd0-21ce-4759-b952-c6ebf54a8e25,math,derivative,Đạo hàm,2026,SHORT_ANSWER,3,2,Một vật di chuyển theo phương thẳng đứng lên trên từ độ cao 20 m so với mặt đất với vận tốc ban đầu là 15 m/s. Độ cao s của nó (tính bằng mét) sau t giây kể từ khi bắt đầu chuyển động (t = 0) được cho bởi công thức s(t) = 20 + 15t - 5t^{2}. Tìm vận tốc của vật khi nó chạm đất.,,"{""explanation"":""s = 0 \\Leftrightarrow t = 4 (do t > 0). v(t) = 15 - 10t. v(4) = 15 - 40 = -25 m/s"",""exact_answer"":""-25"",""accepted_answers"":[""-25""]}","{""tags"":[""velocity"",""physics_application""],""crawl_time"":""2026-04-13T16:31:37.274773Z"",""hypothesis_tag"":""H04_Rules"",""quality_status"":""reviewed"",""source_provider"":""toanmath"",""source_question_id"":""MATH_DERIV_16""}",true,,2026-04-16 00:40:52.55419+00,2026-04-16 00:40:52.55419+00,11
2b4384e9-154f-49af-8e75-9a2d5dde7ba5,math,derivative,Đạo hàm,2026,MULTIPLE_CHOICE,1,3,Đạo hàm của y = (3x-1)^5 là,,"{""options"":[{""id"":""A"",""text"":""5(3x-1)^4""},{""id"":""B"",""text"":""15(3x-1)^4""},{""id"":""C"",""text"":""15(3x-1)^5""},{""id"":""D"",""text"":""(3x-1)^4""}],""explanation"":""Áp dụng chain rule: [(u)^5]' = 5u^4u'. Với u=3x-1, u'=3 nên y'=15(3x-1)^4."",""correct_option_id"":""B""}","{""tags"":[""chain_rule"",""composition"",""power_rule""],""crawl_time"":""2026-04-15T09:00:00Z"",""hypothesis_tag"":""H03_Chain"",""quality_status"":""reviewed"",""source_provider"":""growmate_curated"",""source_question_id"":""MATH_DERIV_64""}",true,,2026-04-16 00:40:52.55419+00,2026-04-16 00:40:52.55419+00,11
2ce41527-4744-4a14-bdb2-acced0c630ce,math,derivative,Đạo hàm,2026,MULTIPLE_CHOICE,1,3,"Với y = 2\sin x + 3\cos x, công thức đúng của y^{\prime\prime} là",,"{""options"":[{""id"":""A"",""text"":""2\\sin x - 3\\cos x""},{""id"":""B"",""text"":""-2\\sin x - 3\\cos x""},{""id"":""C"",""text"":""-2\\cos x + 3\\sin x""},{""id"":""D"",""text"":""2\\cos x + 3\\sin x""}],""explanation"":""y^{\\prime} = 2\\cos x - 3\\sin x, tiếp tục lấy đạo hàm được y^{\\prime\\prime} = -2\\sin x - 3\\cos x."",""correct_option_id"":""B""}","{""tags"":[""trigonometry"",""second_order_derivative"",""rules""],""crawl_time"":""2026-04-15T09:00:00Z"",""hypothesis_tag"":""H01_Trig"",""quality_status"":""reviewed"",""source_provider"":""growmate_curated"",""source_question_id"":""MATH_DERIV_55""}",true,,2026-04-16 00:40:52.55419+00,2026-04-16 00:40:52.55419+00,11
2dc4a46c-1313-4f37-af1b-ae9f5342fa76,math,derivative,Đạo hàm,2026,MULTIPLE_CHOICE,1,3,Đạo hàm của y = 5^x tại x=1 bằng,,"{""options"":[{""id"":""A"",""text"":""5""},{""id"":""B"",""text"":""\\ln 5""},{""id"":""C"",""text"":""5\\ln 5""},{""id"":""D"",""text"":""1/(5\\ln 5)""}],""explanation"":""(a^x)' = a^x\\ln a. Tại x=1: y' = 5^1\\ln 5 = 5\\ln 5."",""correct_option_id"":""C""}","{""tags"":[""exponential_function"",""rules"",""derivative_values""],""crawl_time"":""2026-04-15T09:00:00Z"",""hypothesis_tag"":""H02_ExpLog"",""quality_status"":""reviewed"",""source_provider"":""growmate_curated"",""source_question_id"":""MATH_DERIV_59""}",true,,2026-04-16 00:40:52.55419+00,2026-04-16 00:40:52.55419+00,11
2f8a9c99-2a01-483d-85ca-771e800f9d39,math,derivative,Đạo hàm,2026,SHORT_ANSWER,3,2,"Một chất điểm chuyển động theo phương trình s(t) = 2t^{3} - 3t^{2} + 5t + 8 (t > 0), s tính bằng mét, t tính bằng giây. Tính vận tốc tức thời của chất điểm tại thời điểm t = 2 giây.",,"{""explanation"":""Hàm vận tốc tức thời là đạo hàm của quãng đường: v(t) = 6t^{2} - 6t + 5. Thay t = 2 vào biểu thức này, ta có v(2) = 6(2)^{2} - 6(2) + 5 = 17. Vậy vận tốc tại thời điểm đó là 17 m/s."",""exact_answer"":""17"",""accepted_answers"":[""17""]}","{""tags"":[""velocity"",""calculation"",""physics_application"",""basic""],""crawl_time"":""2026-04-13T16:31:37.276849Z"",""hypothesis_tag"":""H04_Rules"",""quality_status"":""reviewed"",""source_provider"":""toanmath"",""source_question_id"":""MATH_DERIV_46""}",true,,2026-04-16 00:40:52.55419+00,2026-04-16 00:40:52.55419+00,11
31dcf6c0-b432-4a2a-8918-d432b63013f7,math,derivative,Đạo hàm,2026,MULTIPLE_CHOICE,1,2,"Một chất điểm chuyển động có phương trình S(t) = 4t^{2} + 2 (t tính bằng giây, S tính bằng mét). Vận tốc tức thời của chất điểm tại thời điểm t_{0} = 4 (s) là",,"{""options"":[{""id"":""A"",""text"":""32 m/s""},{""id"":""B"",""text"":""34 m/s""},{""id"":""C"",""text"":""36 m/s""},{""id"":""D"",""text"":""8 m/s""}],""explanation"":""v(t) = S^{\\prime}(t) = 8t. Tại t=4, v(4) = 8\\cdot4 = 32 m/s."",""correct_option_id"":""A""}","{""tags"":[""velocity"",""physics_application"",""derivative""],""crawl_time"":""2026-04-13T16:31:37.274343Z"",""hypothesis_tag"":""H04_Rules"",""quality_status"":""reviewed"",""source_provider"":""toanmath"",""source_question_id"":""MATH_DERIV_6""}",true,,2026-04-16 00:40:52.55419+00,2026-04-16 00:40:52.55419+00,11
330172f5-da00-4e9d-b093-5e9a1585e421,math,derivative,Đạo hàm,2026,MULTIPLE_CHOICE,1,2,Cho y = 1/(x - 1). Hệ số góc của tiếp tuyến tại x = 2 là,,"{""options"":[{""id"":""A"",""text"":""1/4""},{""id"":""B"",""text"":""2""},{""id"":""C"",""text"":""1/2""},{""id"":""D"",""text"":""-1""}],""explanation"":""y^{\\prime} = -1/(x - 1)^{2}. Tại x = 2, y^{\\prime}(2) = -1/(2 - 1)^{2} = -1"",""correct_option_id"":""D""}","{""tags"":[""slope"",""tangent_line""],""crawl_time"":""2026-04-13T16:31:37.274700Z"",""hypothesis_tag"":""H04_Rules"",""quality_status"":""reviewed"",""source_provider"":""toanmath"",""source_question_id"":""MATH_DERIV_14""}",true,,2026-04-16 00:40:52.55419+00,2026-04-16 00:40:52.55419+00,11
41d234e5-087b-43e1-9200-c0f1e12bb304,math,derivative,Đạo hàm,2026,MULTIPLE_CHOICE,1,3,Cho y = \ln x + mx. Tìm m để y^{\prime}(1)=0.,,"{""options"":[{""id"":""A"",""text"":""m = -1""},{""id"":""B"",""text"":""m = 0""},{""id"":""C"",""text"":""m = 1""},{""id"":""D"",""text"":""m = 2""}],""explanation"":""y' = \\frac{1}{x}+m nên y^{\\prime}(1)=1+m. Điều kiện y^{\\prime}(1)=0 suy ra m=-1."",""correct_option_id"":""A""}","{""tags"":[""logarithm"",""parameter"",""derivative_values""],""crawl_time"":""2026-04-15T09:00:00Z"",""hypothesis_tag"":""H02_ExpLog"",""quality_status"":""reviewed"",""source_provider"":""growmate_curated"",""source_question_id"":""MATH_DERIV_62""}",true,,2026-04-16 00:40:52.55419+00,2026-04-16 00:40:52.55419+00,11
4687c812-f5fb-4177-bc59-d2a4474c0b4e,math,derivative,Đạo hàm,2026,MULTIPLE_CHOICE,1,3,Một chất điểm chuyển động có quãng đường s(t) = 1/4t^{4} - t^{3} + 5/2t^{2} + 10t (t > 0). Tại thời điểm gia tốc của vật đạt giá trị nhỏ nhất thì vận tốc của vật bằng bao nhiêu?,,"{""options"":[{""id"":""A"",""text"":""13""},{""id"":""B"",""text"":""11""},{""id"":""C"",""text"":""10""},{""id"":""D"",""text"":""12""}],""explanation"":""v(t) = t^{3} - 3t^{2} + 5t + 10, a(t) = 3t^{2} - 6t + 5. a(t) đạt min tại t = 1, khi đó v(1) = 13"",""correct_option_id"":""A""}","{""tags"":[""acceleration"",""velocity"",""min_max""],""crawl_time"":""2026-04-13T16:31:37.274390Z"",""hypothesis_tag"":""H04_Rules"",""quality_status"":""reviewed"",""source_provider"":""toanmath"",""source_question_id"":""MATH_DERIV_7""}",true,,2026-04-16 00:40:52.55419+00,2026-04-16 00:40:52.55419+00,11
4be271f2-ddc4-46b7-ad08-be0eff7b5800,math,derivative,Đạo hàm,2026,TRUE_FALSE_CLUSTER,2,2,Chất điểm s(t) = t^{3} - 3t^{2} + 7t - 2 (t > 0). Xét tính đúng sai,,"{""general_hint"":""Vận tốc của một vật chuyển động theo hàm bậc hai đạt giá trị cực tiểu tại thời điểm gia tốc bằng 0 (a(t) = 0). Luôn kiểm tra điều kiện t > 0 khi giải các phương trình liên quan đến thời gian."",""sub_questions"":[{""id"":""a"",""text"":""v(2) = 7 m/s."",""is_true"":true,""explanation"":""v(t)=3t^{2}-6t+7 nên v(2)=12-12+7=7 m/s, mệnh đề đúng.""},{""id"":""b"",""text"":""a(2) = 6 m/s^{2}."",""is_true"":true,""explanation"":""a(t)=v^{\\prime}(t)=6t-6 nên a(2)=6 m/s^{2}, mệnh đề đúng.""},{""id"":""c"",""text"":""Khi v = 16 m/s thì a = 10 m/s^{2}."",""is_true"":false,""explanation"":""v=16 cho t=3 (vì t>0), khi đó a(3)=12 khác 10 nên mệnh đề sai.""},{""id"":""d"",""text"":""Thời điểm v nhỏ nhất là t = 1 giây."",""is_true"":true,""explanation"":""v(t) là parabol mở lên, đạt min tại t=-b/(2a)=1 nên mệnh đề đúng.""}]}","{""tags"":[""velocity"",""acceleration"",""physics_application"",""min_max""],""crawl_time"":""2026-04-13T16:31:37.276823Z"",""hypothesis_tag"":""H04_Rules"",""quality_status"":""reviewed"",""source_provider"":""toanmath"",""source_question_id"":""MATH_DERIV_45""}",true,,2026-04-16 00:40:52.55419+00,2026-04-16 00:40:52.55419+00,11
4d0c5827-8ecf-4c89-a5c6-b803852da6d6,math,derivative,Đạo hàm,2026,SHORT_ANSWER,3,3,Cho hàm số y = x^{3} + 3x^{2} + 4x + 1 có đồ thị là (C). Số tiếp tuyến song song với đường thẳng d: y = 4x + 5 của đồ thị hàm số là,,"{""explanation"":""y^{\\prime} = 3x^{2} + 6x + 4. Ta giải phương trình y^{\\prime}(x_{0}) = 4: 3x_{0}^{2} + 6x_{0} + 4 = 4 \\Leftrightarrow 3x_{0}(x_{0} + 2) = 0. Từ đây ta tìm được hai hoành độ tiếp điểm: x_{1} = 0 và x_{2} = -2. Kiểm tra điều kiện trùng: Tại x_{1} = 0: y = 4(x - 0) + 1 \\Rightarrow y = 4x + 1 (thỏa). Tại x_{2} = -2: y = 4(x + 2) - 3 \\Rightarrow y = 4x + 5 (loại vì trùng d)."",""exact_answer"":""1"",""accepted_answers"":[""1""]}","{""tags"":[""tangent_line"",""parallel"",""derivative""],""crawl_time"":""2026-04-13T16:31:37.275006Z"",""hypothesis_tag"":""H04_Rules"",""quality_status"":""reviewed"",""source_provider"":""toanmath"",""source_question_id"":""MATH_DERIV_24""}",true,,2026-04-16 00:40:52.55419+00,2026-04-16 00:40:52.55419+00,11
4e1e4c23-34cf-4311-a0c8-269cdaea6400,math,derivative,Đạo hàm,2026,MULTIPLE_CHOICE,1,1,Nếu \lim_{x \to 3} \frac{f(x) - f(3)}{x - 3} = 7 thì kết luận nào đúng?,,"{""options"":[{""id"":""A"",""text"":""f^{\\prime}(3) = 3""},{""id"":""B"",""text"":""f^{\\prime}(7) = 0""},{""id"":""C"",""text"":""f^{\\prime}(7) = 3""},{""id"":""D"",""text"":""f^{\\prime}(3) = 7""}],""explanation"":""Theo định nghĩa, f^{\\prime}(x_{0}) = \\lim_{x \\to x_{0}} \\frac{f(x) - f(x_{0})}{x - x_{0}}. Ở đây x_{0} = 3 và giới hạn bằng 7."",""correct_option_id"":""D""}","{""tags"":[""definition"",""limit""],""crawl_time"":""2026-04-13T16:31:37.274582Z"",""hypothesis_tag"":""H04_Rules"",""quality_status"":""reviewed"",""source_provider"":""toanmath"",""source_question_id"":""MATH_DERIV_11""}",true,,2026-04-16 00:40:52.55419+00,2026-04-16 00:40:52.55419+00,11
506f9add-33d3-46f0-9fe8-24e20ddc1e88,math,derivative,Đạo hàm,2026,MULTIPLE_CHOICE,1,3,Cho y = e^{x^2+1}. Giá trị y^{\prime}(0) là,,"{""options"":[{""id"":""A"",""text"":""0""},{""id"":""B"",""text"":""e""},{""id"":""C"",""text"":""2e""},{""id"":""D"",""text"":""1""}],""explanation"":""y' = e^{x^2+1}\\cdot 2x. Tại x=0 thì hệ số 2x bằng 0 nên y^{\\prime}(0)=0."",""correct_option_id"":""A""}","{""tags"":[""chain_rule"",""exponential_function"",""composition""],""crawl_time"":""2026-04-15T09:00:00Z"",""hypothesis_tag"":""H03_Chain"",""quality_status"":""reviewed"",""source_provider"":""growmate_curated"",""source_question_id"":""MATH_DERIV_67""}",true,,2026-04-16 00:40:52.55419+00,2026-04-16 00:40:52.55419+00,11
534c1521-c212-48b5-a497-9c7d02c85642,math,derivative,Đạo hàm,2026,TRUE_FALSE_CLUSTER,2,1,Cho hàm số f(x) = x^{3} - 3x^{2} + 2x.,,"{""general_hint"":""Sử dụng quy tắc (x^{n})' = n\\cdot x^{n-1} để tìm đạo hàm. Để kiểm tra tính đúng sai của các giá trị, chỉ cần thay x tương ứng vào hàm số f^{\\prime}(x). Lưu ý dấu khi tính toán với số âm ở câu d."",""sub_questions"":[{""id"":""a"",""text"":""Hàm số có đạo hàm là f^{\\prime}(x) = 3x^{2} - 6x + 2"",""is_true"":true,""explanation"":""Đạo hàm của hàm số là f^{\\prime}(x) = 3x^{2} - 6x + 2, nên (a) đúng. Tính toán các giá trị cụ thể: f^{\\prime}(3) = 11 nên (b) sai; f^{\\prime}(4)=26 và f^{\\prime}(5)=47 nên (c) đúng; f^{\\prime}(2)=2 và f^{\\prime}(-2)=26 nên tổng của chúng bằng 28, dẫn đến (d) sai.""},{""id"":""b"",""text"":""f^{\\prime}(3) = 6"",""is_true"":false,""explanation"":""Đạo hàm của hàm số là f^{\\prime}(x) = 3x^{2} - 6x + 2, nên (a) đúng. Tính toán các giá trị cụ thể: f^{\\prime}(3) = 11 nên (b) sai; f^{\\prime}(4)=26 và f^{\\prime}(5)=47 nên (c) đúng; f^{\\prime}(2)=2 và f^{\\prime}(-2)=26 nên tổng của chúng bằng 28, dẫn đến (d) sai.""},{""id"":""c"",""text"":""f^{\\prime}(4) < f^{\\prime}(5)"",""is_true"":true,""explanation"":""Đạo hàm của hàm số là f^{\\prime}(x) = 3x^{2} - 6x + 2, nên (a) đúng. Tính toán các giá trị cụ thể: f^{\\prime}(3) = 11 nên (b) sai; f^{\\prime}(4)=26 và f^{\\prime}(5)=47 nên (c) đúng; f^{\\prime}(2)=2 và f^{\\prime}(-2)=26 nên tổng của chúng bằng 28, dẫn đến (d) sai.""},{""id"":""d"",""text"":""f^{\\prime}(2) + f^{\\prime}(-2) = 0"",""is_true"":false,""explanation"":""Đạo hàm của hàm số là f^{\\prime}(x) = 3x^{2} - 6x + 2, nên (a) đúng. Tính toán các giá trị cụ thể: f^{\\prime}(3) = 11 nên (b) sai; f^{\\prime}(4)=26 và f^{\\prime}(5)=47 nên (c) đúng; f^{\\prime}(2)=2 và f^{\\prime}(-2)=26 nên tổng của chúng bằng 28, dẫn đến (d) sai.""}]}","{""tags"":[""power_rule"",""calculation"",""derivative_values"",""polynomial_function""],""crawl_time"":""2026-04-13T16:31:37.276088Z"",""hypothesis_tag"":""H04_Rules"",""quality_status"":""reviewed"",""source_provider"":""toanmath"",""source_question_id"":""MATH_DERIV_34""}",true,,2026-04-16 00:40:52.55419+00,2026-04-16 00:40:52.55419+00,11
5a1d7fd6-0841-483a-9f18-41b10c3feafc,math,derivative,Đạo hàm,2026,TRUE_FALSE_CLUSTER,2,2,Cho hàm số y = x^{2} + 3x + 1 có đồ thị (C). Xét tiếp tuyến của (C) tại giao điểm của (C) với trục tung. Xét tính đúng sai,,"{""general_hint"":""Điều kiện để hai đồ thị tiếp xúc nhau là hệ phương trình: f(x) = g(x) và f^{\\prime}(x) = g^{\\prime}(x) phải có nghiệm."",""sub_questions"":[{""id"":""a"",""text"":""Phương trình 3y^{\\prime}' + 4y^{\\prime} = y + 17 có hai nghiệm phân biệt với tổng hai nghiệm bằng 5."",""is_true"":true,""explanation"":""Tiếp tuyến tại M(0; 1) là y = 3x + 1. (a) đúng vì phương trình x^{2} - 5x = 0 có hai nghiệm 0; 5 với tổng bằng 5. (b) sai vì A(1;3) không nằm trên tiếp tuyến. (c) đúng vì giao điểm của y = 3x + 1 và y = 2x + 1 là x = 0. (d) sai vì điều kiện tiếp xúc g’(x) = 3 và g(x) = 3x + 1 không thỏa mãn đồng thời tại điểm có tung độ nhỏ hơn 3.""},{""id"":""b"",""text"":""Tiếp tuyến đã cho đi qua điểm A(1;3)."",""is_true"":false,""explanation"":""Tiếp tuyến tại M(0; 1) là y = 3x + 1. (a) đúng vì phương trình x^{2} - 5x = 0 có hai nghiệm 0; 5 với tổng bằng 5. (b) sai vì A(1;3) không nằm trên tiếp tuyến. (c) đúng vì giao điểm của y = 3x + 1 và y = 2x + 1 là x = 0. (d) sai vì điều kiện tiếp xúc g’(x) = 3 và g(x) = 3x + 1 không thỏa mãn đồng thời tại điểm có tung độ nhỏ hơn 3.""},{""id"":""c"",""text"":""Tiếp tuyến đã cho cắt đường thẳng y = 2x + 1 tại điểm có hoành độ bằng 0."",""is_true"":true,""explanation"":""Tiếp tuyến tại M(0; 1) là y = 3x + 1. (a) đúng vì phương trình x^{2} - 5x = 0 có hai nghiệm 0; 5 với tổng bằng 5. (b) sai vì A(1;3) không nằm trên tiếp tuyến. (c) đúng vì giao điểm của y = 3x + 1 và y = 2x + 1 là x = 0. (d) sai vì điều kiện tiếp xúc g’(x) = 3 và g(x) = 3x + 1 không thỏa mãn đồng thời tại điểm có tung độ nhỏ hơn 3.""},{""id"":""d"",""text"":""Tiếp tuyến đã cho tiếp xúc với đồ thị hàm số y = x^{4} - x^{2} + 4 tại tiếp điểm có tung độ nhỏ hơn 3."",""is_true"":false,""explanation"":""Tiếp tuyến tại M(0; 1) là y = 3x + 1. (a) đúng vì phương trình x^{2} - 5x = 0 có hai nghiệm 0; 5 với tổng bằng 5. (b) sai vì A(1;3) không nằm trên tiếp tuyến. (c) đúng vì giao điểm của y = 3x + 1 và y = 2x + 1 là x = 0. (d) sai vì điều kiện tiếp xúc g’(x) = 3 và g(x) = 3x + 1 không thỏa mãn đồng thời tại điểm có tung độ nhỏ hơn 3.""}]}","{""tags"":[""tangent_line"",""y_intercept"",""second_order_derivative"",""tangency_condition"",""intersection""],""crawl_time"":""2026-04-13T16:31:37.276589Z"",""hypothesis_tag"":""H04_Rules"",""quality_status"":""reviewed"",""source_provider"":""toanmath"",""source_question_id"":""MATH_DERIV_41""}",true,,2026-04-16 00:40:52.55419+00,2026-04-16 00:40:52.55419+00,11
658ccf48-02fc-4afb-b543-ea60e39ed616,math,derivative,Đạo hàm,2026,SHORT_ANSWER,3,3,"Cân nặng trung bình của một em bé trong độ tuổi từ 0 đến 36 tháng có thể được tính gần đúng bởi hàm số w(t) = 0.00076t^{3} - 0.06t^{2} + 1.8t + 8.2, trong đó t được tính bằng tháng và w được tính bằng pound. Tính tốc độ thay đổi cân nặng của em bé đó tại thời điểm 15 tháng tuổi (kết quả làm tròn đến hàng phần trăm).",,"{""explanation"":""w^{\\prime}(t) = 0.00228t^{2} - 0.12t + 1.8. w^{\\prime}(15) = 0.00228 \\cdot (15)^{2} - 0.12 \\cdot 15 + 1.8 = 0.513"",""exact_answer"":""0.51"",""accepted_answers"":[""0.51""]}","{""tags"":[""velocity"",""calculation""],""crawl_time"":""2026-04-13T16:31:37.274892Z"",""hypothesis_tag"":""H04_Rules"",""quality_status"":""reviewed"",""source_provider"":""toanmath"",""source_question_id"":""MATH_DERIV_19""}",true,,2026-04-16 00:40:52.55419+00,2026-04-16 00:40:52.55419+00,11
65bff5ab-e0c4-4ede-9c39-7a64f3caaf07,math,derivative,Đạo hàm,2026,TRUE_FALSE_CLUSTER,2,2,Cho y = \sin x. Xét tính đúng sai,,"{""general_hint"":""Để phương trình a \\sin x + b \\cos x = c có nghiệm, điều kiện là a^{2} + b^{2} \\ge c^{2}."",""sub_questions"":[{""id"":""a"",""text"":""y’ = \\cos x."",""is_true"":true,""explanation"":""Đạo hàm cấp một là y’ = \\cos x (a đúng) và cấp hai là y’’ = -\\sin x (c sai). Phương trình \\sin x + \\cos x = m có nghiệm khi |m| \\le \\sqrt2, dẫn đến có 3 giá trị nguyên m là {-1, 0, 1} (b sai). Biểu thức 2cos x - \\sin x có giá trị nhỏ nhất là -\\sqrt5 ≈ -2,236, giá trị này nhỏ hơn 2 (d sai).""},{""id"":""b"",""text"":""Tồn tại 2 giá trị nguyên m để y + y’ = m có nghiệm."",""is_true"":false,""explanation"":""Đạo hàm cấp một là y’ = \\cos x (a đúng) và cấp hai là y’’ = -\\sin x (c sai). Phương trình \\sin x + \\cos x = m có nghiệm khi |m| \\le \\sqrt2, dẫn đến có 3 giá trị nguyên m là {-1, 0, 1} (b sai). Biểu thức 2cos x - \\sin x có giá trị nhỏ nhất là -\\sqrt5 ≈ -2,236, giá trị này nhỏ hơn 2 (d sai).""},{""id"":""c"",""text"":""y’’ = -\\sin^{2}x."",""is_true"":false,""explanation"":""Đạo hàm cấp một là y’ = \\cos x (a đúng) và cấp hai là y’’ = -\\sin x (c sai). Phương trình \\sin x + \\cos x = m có nghiệm khi |m| \\le \\sqrt2, dẫn đến có 3 giá trị nguyên m là {-1, 0, 1} (b sai). Biểu thức 2cos x - \\sin x có giá trị nhỏ nhất là -\\sqrt5 ≈ -2,236, giá trị này nhỏ hơn 2 (d sai).""},{""id"":""d"",""text"":""Giá trị nhỏ nhất của 2y’ + y’’ lớn hơn 2."",""is_true"":false,""explanation"":""Đạo hàm cấp một là y’ = \\cos x (a đúng) và cấp hai là y’’ = -\\sin x (c sai). Phương trình \\sin x + \\cos x = m có nghiệm khi |m| \\le \\sqrt2, dẫn đến có 3 giá trị nguyên m là {-1, 0, 1} (b sai). Biểu thức 2cos x - \\sin x có giá trị nhỏ nhất là -\\sqrt5 ≈ -2,236, giá trị này nhỏ hơn 2 (d sai).""}]}","{""tags"":[""trigonometric_function"",""trigonometric_equation"",""second_order_derivative"",""min_max""],""crawl_time"":""2026-04-13T16:31:37.276709Z"",""hypothesis_tag"":""H01_Trig"",""quality_status"":""reviewed"",""source_provider"":""toanmath"",""source_question_id"":""MATH_DERIV_43""}",true,,2026-04-16 00:40:52.55419+00,2026-04-16 00:40:52.55419+00,11
6881cff1-f33d-4340-a510-4bddac5fe542,math,derivative,Đạo hàm,2026,TRUE_FALSE_CLUSTER,2,2,Cho hàm số y = x^{2} + 3x + 1 có đồ thị (C). Viết được phương trình tiếp tuyến của (C) tại giao điểm của (C) với trục tung.,,"{""general_hint"":""Luôn bắt đầu bằng việc tìm tọa độ tiếp điểm (giao với trục tung thì x=0). Đạo hàm tại x_{0} chính là hệ số góc k. Điều kiện vuông góc giữa hai đường thẳng là tích hai hệ số góc bằng -1. Để kiểm tra một điểm có thuộc đường thẳng hay không, hãy thay tọa độ điểm đó vào phương trình đường thẳng."",""sub_questions"":[{""id"":""a"",""text"":""Hệ số góc của phương trình tiếp tuyến bằng 3."",""is_true"":true,""explanation"":""Tiếp điểm là M(0; 1), đạo hàm f^{\\prime}(0) = 3 nên phương trình tiếp tuyến là y = 3x + 1. Qua đối chiếu: (a) đúng vì k=3; (b) sai vì A(1;3) không thỏa mãn phương trình; (c) đúng vì giải hệ phương trình cho ra x=0; (d) đúng vì tích hệ số góc 3 * (-1/3) = -1 thỏa mãn tính vuông góc.""},{""id"":""b"",""text"":""Phương trình tiếp tuyến đi qua điểm A(1;3)."",""is_true"":false,""explanation"":""Tiếp điểm là M(0; 1), đạo hàm f^{\\prime}(0) = 3 nên phương trình tiếp tuyến là y = 3x + 1. Qua đối chiếu: (a) đúng vì k=3; (b) sai vì A(1;3) không thỏa mãn phương trình; (c) đúng vì giải hệ phương trình cho ra x=0; (d) đúng vì tích hệ số góc 3 * (-1/3) = -1 thỏa mãn tính vuông góc.""},{""id"":""c"",""text"":""Phương trình tiếp tuyến cắt đường thẳng y = 2x + 1 tại điểm có hoành độ bằng 0."",""is_true"":true,""explanation"":""Tiếp điểm là M(0; 1), đạo hàm f^{\\prime}(0) = 3 nên phương trình tiếp tuyến là y = 3x + 1. Qua đối chiếu: (a) đúng vì k=3; (b) sai vì A(1;3) không thỏa mãn phương trình; (c) đúng vì giải hệ phương trình cho ra x=0; (d) đúng vì tích hệ số góc 3 * (-1/3) = -1 thỏa mãn tính vuông góc.""},{""id"":""d"",""text"":""Phương trình tiếp tuyến vuông góc với đường thẳng y = -1/3 x + 1."",""is_true"":true,""explanation"":""Tiếp điểm là M(0; 1), đạo hàm f^{\\prime}(0) = 3 nên phương trình tiếp tuyến là y = 3x + 1. Qua đối chiếu: (a) đúng vì k=3; (b) sai vì A(1;3) không thỏa mãn phương trình; (c) đúng vì giải hệ phương trình cho ra x=0; (d) đúng vì tích hệ số góc 3 * (-1/3) = -1 thỏa mãn tính vuông góc.""}]}","{""tags"":[""tangent_line"",""slope"",""perpendicular"",""y_intercept"",""quadratic_function""],""crawl_time"":""2026-04-13T16:31:37.275929Z"",""hypothesis_tag"":""H04_Rules"",""quality_status"":""reviewed"",""source_provider"":""toanmath"",""source_question_id"":""MATH_DERIV_32""}",true,,2026-04-16 00:40:52.55419+00,2026-04-16 00:40:52.55419+00,11
6a21c30a-5dc8-4da7-8026-cfc5a01d1303,math,derivative,Đạo hàm,2026,MULTIPLE_CHOICE,1,1,Đạo hàm của hàm số y = 5^{x} là,,"{""options"":[{""id"":""A"",""text"":""5^{x}""},{""id"":""B"",""text"":""5^{x}\\cdot \\ln(5)""},{""id"":""C"",""text"":""x\\cdot 5^{x-1}""},{""id"":""D"",""text"":""5^{x}/\\ln(5).""}],""explanation"":""Áp dụng với a = 5, ta có y^{\\prime} = 5^{x}\\cdot \\ln(5)."",""correct_option_id"":""B""}","{""tags"":[""exponential_function"",""rules"",""basic""],""crawl_time"":""2026-04-13T16:31:37.275355Z"",""hypothesis_tag"":""H02_ExpLog"",""quality_status"":""reviewed"",""source_provider"":""toanmath"",""source_question_id"":""MATH_DERIV_30""}",true,,2026-04-16 00:40:52.55419+00,2026-04-16 00:40:52.55419+00,11
6c60e998-3e03-46a1-9f59-dfbaad56397c,math,derivative,Đạo hàm,2026,MULTIPLE_CHOICE,1,1,Tính đạo hàm của hàm số y = x^{2024} là,,"{""options"":[{""id"":""A"",""text"":""2024x^{2023}""},{""id"":""B"",""text"":""2024x""},{""id"":""C"",""text"":""x^{2023}""},{""id"":""D"",""text"":""2023x^{2024}""}],""explanation"":""Áp dụng với n = 2024, ta được y^{\\prime} = 2024x^{2023}"",""correct_option_id"":""A""}","{""tags"":[""power_rule"",""basic""],""crawl_time"":""2026-04-13T16:31:37.274740Z"",""hypothesis_tag"":""H04_Rules"",""quality_status"":""reviewed"",""source_provider"":""toanmath"",""source_question_id"":""MATH_DERIV_15""}",true,,2026-04-16 00:40:52.55419+00,2026-04-16 00:40:52.55419+00,11
77a5d229-8da5-42af-800e-b2e97f3f062e,math,derivative,Đạo hàm,2026,MULTIPLE_CHOICE,1,1,Cho hàm số y = \sin(3x). Giá trị của y^{\prime}(0) bằng,,"{""options"":[{""id"":""A"",""text"":""0""},{""id"":""B"",""text"":""1""},{""id"":""C"",""text"":""3""},{""id"":""D"",""text"":""9""}],""explanation"":""Ta có y^{\\prime} = 3\\cos(3x). Thay x = 0 suy ra y^{\\prime}(0) = 3\\cos 0 = 3."",""correct_option_id"":""C""}","{""tags"":[""trigonometry"",""trigonometric_function"",""calculation""],""crawl_time"":""2026-04-15T09:00:00Z"",""hypothesis_tag"":""H01_Trig"",""quality_status"":""reviewed"",""source_provider"":""growmate_curated"",""source_question_id"":""MATH_DERIV_51""}",true,,2026-04-16 00:40:52.55419+00,2026-04-16 00:40:52.55419+00,11
7c77427e-b432-4c0a-9a2f-c4eb38fd50b7,math,derivative,Đạo hàm,2026,MULTIPLE_CHOICE,1,2,Gia tốc là đạo hàm cấp mấy của quãng đường?,,"{""options"":[{""id"":""A"",""text"":""Cấp 1""},{""id"":""B"",""text"":""Cấp 2""},{""id"":""C"",""text"":""Cấp 3""},{""id"":""D"",""text"":""Không phải đạo hàm""}],""explanation"":""a(t) = v^{\\prime}(t) = s^{\\prime\\prime}(t)."",""correct_option_id"":""B""}","{""tags"":[""acceleration"",""higher_order_derivative"",""definition""],""crawl_time"":""2026-04-13T16:31:37.275232Z"",""hypothesis_tag"":""H04_Rules"",""quality_status"":""reviewed"",""source_provider"":""toanmath"",""source_question_id"":""MATH_DERIV_29""}",true,,2026-04-16 00:40:52.55419+00,2026-04-16 00:40:52.55419+00,11
7eb3beb4-d86f-461b-a2f8-98e3370a3104,math,derivative,Đạo hàm,2026,SHORT_ANSWER,3,1,Một bình nuôi cấy vi sinh vật được giữ ở nhiệt độ 0°C. Nhiệt độ tăng lên theo hàm y = f(t) = t^{2} + t + 1 (°C). Tính tốc độ tăng của bình tại thời điểm t = 5 giây.,,"{""explanation"":""Sử dụng công thức đạo hàm cơ bản: (t^{n})' = n\\cdot t^{n-1} \\Rightarrow f^{\\prime}(t) = 2t + 1. Thay t = 5 vào: f^{\\prime}(5) = 10 + 1 = 11"",""exact_answer"":""11"",""accepted_answers"":[""11""]}","{""tags"":[""rate_of_change"",""calculation"",""physics_application""],""crawl_time"":""2026-04-13T16:31:37.274985Z"",""hypothesis_tag"":""H04_Rules"",""quality_status"":""reviewed"",""source_provider"":""toanmath"",""source_question_id"":""MATH_DERIV_23""}",true,,2026-04-16 00:40:52.55419+00,2026-04-16 00:40:52.55419+00,11
7eea1143-4477-4fdc-8100-d3d965bc1c66,math,derivative,Đạo hàm,2026,SHORT_ANSWER,3,2,Vật rơi tự do từ độ cao 125 m với s(t) = 5t^{2}. Tính vận tốc khi chạm đất.,,"{""explanation"":""Thời gian rơi khi vật chạm đất là t = 5 giây. Vận tốc tức thời là v(t) = s’(t) = 10t. Vậy vận tốc khi chạm đất là v(5) = 50 m/s."",""exact_answer"":""50"",""accepted_answers"":[""50""]}","{""tags"":[""velocity"",""acceleration"",""physics_application"",""calculation""],""crawl_time"":""2026-04-13T16:31:37.276929Z"",""hypothesis_tag"":""H04_Rules"",""quality_status"":""reviewed"",""source_provider"":""toanmath"",""source_question_id"":""MATH_DERIV_48""}",true,,2026-04-16 00:40:52.55419+00,2026-04-16 00:40:52.55419+00,11
81501199-a30c-4d09-bc8d-55b1068d38f4,math,derivative,Đạo hàm,2026,MULTIPLE_CHOICE,1,1,"Cho hàm số f(x) = x^{3} + 2x + m, giá trị của f^{\prime}'(1) bằng",,"{""options"":[{""id"":""A"",""text"":""6.""},{""id"":""B"",""text"":""8.""},{""id"":""C"",""text"":""3.""},{""id"":""D"",""text"":""2.""}],""explanation"":""Ta có f^{\\prime}(x) = 3x^{2} + 2 và f^{\\prime}'(x) = 6x. Thay x = 1 vào ta được f^{\\prime}'(1) = 6. Đáp án A."",""correct_option_id"":""A""}","{""tags"":[""second_order_derivative"",""power_rule"",""calculation"",""basic""],""crawl_time"":""2026-04-13T16:31:37.276972Z"",""hypothesis_tag"":""H04_Rules"",""quality_status"":""reviewed"",""source_provider"":""toanmath"",""source_question_id"":""MATH_DERIV_49""}",true,,2026-04-16 00:40:52.55419+00,2026-04-16 00:40:52.55419+00,11
8597ba47-7d6d-4bb8-a135-be8c61fec598,math,derivative,Đạo hàm,2026,MULTIPLE_CHOICE,1,1,Cho hàm số y = x^{3} + 3x^{2} - mx + 5. Tìm giá trị tham số m để y^{\prime}(1) = 4.,,"{""options"":[{""id"":""A"",""text"":""m = 5.""},{""id"":""B"",""text"":""m = 4.""},{""id"":""C"",""text"":""m = 3.""},{""id"":""D"",""text"":""m = 2.""}],""explanation"":""Đạo hàm của hàm số là y’ = 3x^{2} + 6x - m. Thay x = 1 vào ta có y’(1) = 9 - m. Để y’(1) = 4 thì 9 - m = 4 \\Rightarrow m = 5. Đáp án A."",""correct_option_id"":""A""}","{""tags"":[""parameter"",""calculation"",""power_rule"",""derivative_values""],""crawl_time"":""2026-04-13T16:31:37.277020Z"",""hypothesis_tag"":""H04_Rules"",""quality_status"":""reviewed"",""source_provider"":""toanmath"",""source_question_id"":""MATH_DERIV_50""}",true,,2026-04-16 00:40:52.55419+00,2026-04-16 00:40:52.55419+00,11
862434a7-a67e-49dd-8b5e-92207c38a9ea,math,derivative,Đạo hàm,2026,SHORT_ANSWER,3,2,"Cho chuyển động thẳng xác định bởi phương trình s(t) = -1/3t^{3} + 4t^{2} + 9t + 3, trong đó t tính bằng giây và s tính bằng mét. Tính quãng đường vật đi được từ lúc t = 0 đến lúc chuyển động có vận tốc bằng không.",,"{""explanation"":""v(t) = s^{\\prime}(t) = -t^{2} + 8t + 9. Khi v(t) = 0, ta có: -t^{2} + 8t + 9 = 0 \\Rightarrow t_{1} = -1 (loại vì t > 0), t_{2} = 9. Vậy tại t = 9 giây, vật dừng lại. Quãng đường: Δs = s(9) - s(0) = 165 - 3 = 162 (mét)"",""exact_answer"":""162"",""accepted_answers"":[""162""]}","{""tags"":[""velocity"",""calculation"",""physics_application""],""crawl_time"":""2026-04-13T16:31:37.275027Z"",""hypothesis_tag"":""H04_Rules"",""quality_status"":""reviewed"",""source_provider"":""toanmath"",""source_question_id"":""MATH_DERIV_25""}",true,,2026-04-16 00:40:52.55419+00,2026-04-16 00:40:52.55419+00,11
867ef4f8-329e-403d-98ad-a61e4a9068fa,math,derivative,Đạo hàm,2026,SHORT_ANSWER,3,3,"Một đường ray tàu lượn siêu tốc có hình dạng là một phần của parabol y = ax^{2} + bx + c. Tiếp tuyến tại điểm bắt đầu đoạn dốc lên P có hệ số góc là 0,8. Tiếp tuyến tại điểm bắt đầu đoạn dốc xuống N có hệ số góc là -0,4. Biết khoảng cách ngang giữa hai điểm P và N là 60 m, hãy xác định hệ số a.",,"{""explanation"":""Đạo hàm của hàm số là y’ = 2ax + b. Ta có hệ phương trình: 1. 2ax_{p} + b = 0,8; 2. 2ax_{n} + b = -0,4. Lấy (2) trừ (1) ta được 2a(x_{n} - x_{p}) = -1,2. Với khoảng cách ngang x_{n} - x_{p} = 60, thay vào ta có 120a = -1,2. Vậy hệ số a = -0,01."",""exact_answer"":""-0.01"",""accepted_answers"":[""-0.01""]}","{""tags"":[""tangent_line"",""slope"",""parameter"",""practical_application"",""quadratic_function""],""crawl_time"":""2026-04-13T16:31:37.276901Z"",""hypothesis_tag"":""H04_Rules"",""quality_status"":""reviewed"",""source_provider"":""toanmath"",""source_question_id"":""MATH_DERIV_47""}",true,,2026-04-16 00:40:52.55419+00,2026-04-16 00:40:52.55419+00,11
881686a6-4eda-4973-aa8d-54175fccd85e,math,derivative,Đạo hàm,2026,SHORT_ANSWER,3,2,Cho y = (2x+1)^4. Tính y^{\prime}(0).,,"{""explanation"":""y' = 4(2x+1)^3\\cdot 2 = 8(2x+1)^3. Tại x=0, y^{\\prime}(0)=8."",""exact_answer"":""8"",""accepted_answers"":[""8""]}","{""tags"":[""chain_rule"",""power_rule"",""derivative_values""],""crawl_time"":""2026-04-15T09:00:00Z"",""hypothesis_tag"":""H03_Chain"",""quality_status"":""reviewed"",""source_provider"":""growmate_curated"",""source_question_id"":""MATH_DERIV_71""}",true,,2026-04-16 00:40:52.55419+00,2026-04-16 00:40:52.55419+00,11
89336e6e-99ab-442d-8a64-75dd260703ea,math,derivative,Đạo hàm,2026,MULTIPLE_CHOICE,1,2,Một vật chuyển động s(t) = 1/3t^{3} - t^{2} + t. Vận tốc tại t = 3 s là,,"{""options"":[{""id"":""A"",""text"":""4""},{""id"":""B"",""text"":""1""},{""id"":""C"",""text"":""3""},{""id"":""D"",""text"":""2""}],""explanation"":""v(t) = t^{2} - 2t + 1. Tại t = 3, v(3) = 9 - 6 + 1 = 4"",""correct_option_id"":""A""}","{""tags"":[""velocity"",""calculation""],""crawl_time"":""2026-04-13T16:31:37.274663Z"",""hypothesis_tag"":""H04_Rules"",""quality_status"":""reviewed"",""source_provider"":""toanmath"",""source_question_id"":""MATH_DERIV_13""}",true,,2026-04-16 00:40:52.55419+00,2026-04-16 00:40:52.55419+00,11
8d4b2fc0-5a60-4548-835e-531e5b43f3e5,math,derivative,Đạo hàm,2026,MULTIPLE_CHOICE,1,1,Cho y = \ln(3x+1). Giá trị y^{\prime}(0) bằng,,"{""options"":[{""id"":""A"",""text"":""1/3""},{""id"":""B"",""text"":""1""},{""id"":""C"",""text"":""3""},{""id"":""D"",""text"":""0""}],""explanation"":""y' = \\frac{3}{3x+1}. Tại x = 0 suy ra y^{\\prime}(0) = 3."",""correct_option_id"":""C""}","{""tags"":[""logarithm"",""calculation"",""derivative_values""],""crawl_time"":""2026-04-15T09:00:00Z"",""hypothesis_tag"":""H02_ExpLog"",""quality_status"":""reviewed"",""source_provider"":""growmate_curated"",""source_question_id"":""MATH_DERIV_58""}",true,,2026-04-16 00:40:52.55419+00,2026-04-16 00:40:52.55419+00,11
90603d0a-e3be-48d3-af40-b2f70d4d599d,math,derivative,Đạo hàm,2026,MULTIPLE_CHOICE,1,2,Đạo hàm của hàm số y = e^{x^2} là,,"{""options"":[{""id"":""A"",""text"":""e^{x^2}""},{""id"":""B"",""text"":""2xe^{x^2}""},{""id"":""C"",""text"":""x^{2}e^{x2-1}""},{""id"":""D"",""text"":""2e^{x^2}""}],""explanation"":""u^{\\prime} = 2x. Vậy y^{\\prime} = 2xe^{x^2}."",""correct_option_id"":""B""}","{""tags"":[""chain_rule"",""exponential_function"",""derivative""],""crawl_time"":""2026-04-13T16:31:37.275158Z"",""hypothesis_tag"":""H02_ExpLog"",""quality_status"":""reviewed"",""source_provider"":""toanmath"",""source_question_id"":""MATH_DERIV_28""}",true,,2026-04-16 00:40:52.55419+00,2026-04-16 00:40:52.55419+00,11
91d2d294-9586-4171-849d-b70805668408,math,derivative,Đạo hàm,2026,MULTIPLE_CHOICE,1,1,Tính đạo hàm của hàm số y = x^{3} + 1 tại x_{0} = 2.,,"{""options"":[{""id"":""A"",""text"":""12""},{""id"":""B"",""text"":""13""},{""id"":""C"",""text"":""24""},{""id"":""D"",""text"":""9""}],""explanation"":""y^{\\prime} = 3x^{2} rồi thay x = 2. y^{\\prime}(2) = 12"",""correct_option_id"":""A""}","{""tags"":[""calculation"",""basic"",""derivative""],""crawl_time"":""2026-04-13T16:31:37.275073Z"",""hypothesis_tag"":""H04_Rules"",""quality_status"":""reviewed"",""source_provider"":""toanmath"",""source_question_id"":""MATH_DERIV_26""}",true,,2026-04-16 00:40:52.55419+00,2026-04-16 00:40:52.55419+00,11
9778fa51-1cfb-41c1-8722-505ff08a12d3,math,derivative,Đạo hàm,2026,MULTIPLE_CHOICE,1,1,Cho hàm số y=f(x) xác định trên R và có f^{\prime}(2)=5. Phương trình tiếp tuyến của đồ thị hàm số y=f(x) tại M(2;1) là,,"{""options"":[{""id"":""A"",""text"":""y=5x+11""},{""id"":""B"",""text"":""y=5x-9""},{""id"":""C"",""text"":""y=5x-11""},{""id"":""D"",""text"":""y=5x+3""}],""explanation"":""Thay x_{0} = 2, y_{0} = 1, f^{\\prime}(2) = 5 vào công thức: y = 5(x - 2) + 1 = 5x - 9"",""correct_option_id"":""B""}","{""tags"":[""derivative"",""tangent_line"",""calculus""],""crawl_time"":""2026-04-13T16:31:37.274030Z"",""hypothesis_tag"":""H04_Rules"",""quality_status"":""reviewed"",""source_provider"":""toanmath"",""source_question_id"":""MATH_DERIV_1""}",true,,2026-04-16 00:40:52.55419+00,2026-04-16 00:40:52.55419+00,11
9bd26042-0223-46b6-a316-a72e27c3297a,math,derivative,Đạo hàm,2026,MULTIPLE_CHOICE,1,3,Cho y = e^{\sin x}. Giá trị y^{\prime}(0) bằng,,"{""options"":[{""id"":""A"",""text"":""0""},{""id"":""B"",""text"":""1""},{""id"":""C"",""text"":""e""},{""id"":""D"",""text"":""2""}],""explanation"":""y' = e^{\\sin x}\\cdot \\cos x. Tại x=0: y^{\\prime}(0)=e^0\\cdot1=1."",""correct_option_id"":""B""}","{""tags"":[""chain_rule"",""exponential_function"",""trigonometric_function""],""crawl_time"":""2026-04-15T09:00:00Z"",""hypothesis_tag"":""H03_Chain"",""quality_status"":""reviewed"",""source_provider"":""growmate_curated"",""source_question_id"":""MATH_DERIV_73""}",true,,2026-04-16 00:40:52.55419+00,2026-04-16 00:40:52.55419+00,11
a131b994-b02d-467f-99c0-6fb048df2060,math,derivative,Đạo hàm,2026,TRUE_FALSE_CLUSTER,2,2,Cho hàm số y = f(x) = 2x^{3} có đồ thị (C) và điểm M thuộc (C) có hoành độ x0 = -1. Khi đó,,"{""general_hint"":""Sử dụng công thức phương trình tiếp tuyến: y = f^{\\prime}(x)*(x - x_{0}) + y_{0}. Để kiểm tra tính vuông góc, tích hai hệ số góc phải bằng -1. Để tìm giao điểm của hai đường thẳng, hãy lập phương trình hoành độ giao điểm."",""sub_questions"":[{""id"":""a"",""text"":""Hệ số góc của tiếp tuyến của (C) tại điểm M bằng 6."",""is_true"":true,""explanation"":""Tiếp tuyến tại M(-1; -2) có hệ số góc k = 6 và phương trình y = 6x + 4. Qua kiểm tra: tiếp tuyến có hệ số góc bằng 6 (a đúng), đi qua A(0;4) (b đúng), cắt y=3x tại x = -4/3 (c sai) và vuông góc với đường thẳng có k = -1/6 (d đúng).""},{""id"":""b"",""text"":""Phương trình tiếp tuyến của (C) tại M đi qua điểm A(0;4)."",""is_true"":true,""explanation"":""Tiếp tuyến tại M(-1; -2) có hệ số góc k = 6 và phương trình y = 6x + 4. Qua kiểm tra: tiếp tuyến có hệ số góc bằng 6 (a đúng), đi qua A(0;4) (b đúng), cắt y=3x tại x = -4/3 (c sai) và vuông góc với đường thẳng có k = -1/6 (d đúng).""},{""id"":""c"",""text"":""Phương trình tiếp tuyến của (C) tại M cắt đường thẳng d: y = 3x tại điểm có hoành độ bằng 4."",""is_true"":false,""explanation"":""Tiếp tuyến tại M(-1; -2) có hệ số góc k = 6 và phương trình y = 6x + 4. Qua kiểm tra: tiếp tuyến có hệ số góc bằng 6 (a đúng), đi qua A(0;4) (b đúng), cắt y=3x tại x = -4/3 (c sai) và vuông góc với đường thẳng có k = -1/6 (d đúng).""},{""id"":""d"",""text"":""Phương trình tiếp tuyến của (C) tại M vuông góc với đường thẳng Δ: y = -1/6 x."",""is_true"":true,""explanation"":""Tiếp tuyến tại M(-1; -2) có hệ số góc k = 6 và phương trình y = 6x + 4. Qua kiểm tra: tiếp tuyến có hệ số góc bằng 6 (a đúng), đi qua A(0;4) (b đúng), cắt y=3x tại x = -4/3 (c sai) và vuông góc với đường thẳng có k = -1/6 (d đúng).""}]}","{""tags"":[""tangent_line"",""slope"",""perpendicular"",""intersection"",""calculus""],""crawl_time"":""2026-04-13T16:31:37.275769Z"",""hypothesis_tag"":""H04_Rules"",""quality_status"":""reviewed"",""source_provider"":""toanmath"",""source_question_id"":""MATH_DERIV_31""}",true,,2026-04-16 00:40:52.55419+00,2026-04-16 00:40:52.55419+00,11
a3729710-039a-4b11-9b9e-93c9d6261a6f,math,derivative,Đạo hàm,2026,MULTIPLE_CHOICE,1,1,"Trong các khẳng định sau, khẳng định nào là sai?",,"{""options"":[{""id"":""A"",""text"":""(c)' = 0 (với c là hằng số)""},{""id"":""B"",""text"":""(2x)' = 2""},{""id"":""C"",""text"":""(x^{6})' = 6x^{5}""},{""id"":""D"",""text"":""(\\sqrt{x})' = 2\\sqrt{x} (với x > 0)""}],""explanation"":""Đạo hàm của \\sqrt{x} là 1/(2\\sqrt{x}), khẳng định D sai do thiếu dấu phân số."",""correct_option_id"":""D""}","{""tags"":[""derivative"",""rules"",""basic""],""crawl_time"":""2026-04-13T16:31:37.274145Z"",""hypothesis_tag"":""H04_Rules"",""quality_status"":""reviewed"",""source_provider"":""toanmath"",""source_question_id"":""MATH_DERIV_2""}",true,,2026-04-16 00:40:52.55419+00,2026-04-16 00:40:52.55419+00,11
a63ed1b9-e108-4e95-8516-affc774dddb6,math,derivative,Đạo hàm,2026,MULTIPLE_CHOICE,1,3,Cho y = (x^2+1)^3. Giá trị y^{\prime}(1) là,,"{""options"":[{""id"":""A"",""text"":""12""},{""id"":""B"",""text"":""24""},{""id"":""C"",""text"":""16""},{""id"":""D"",""text"":""6""}],""explanation"":""y' = 3(x^2+1)^2\\cdot 2x = 6x(x^2+1)^2. Tại x=1 được y^{\\prime}(1)=6\\cdot1\\cdot4=24."",""correct_option_id"":""B""}","{""tags"":[""chain_rule"",""power_rule"",""composition""],""crawl_time"":""2026-04-15T09:00:00Z"",""hypothesis_tag"":""H03_Chain"",""quality_status"":""reviewed"",""source_provider"":""growmate_curated"",""source_question_id"":""MATH_DERIV_69""}",true,,2026-04-16 00:40:52.55419+00,2026-04-16 00:40:52.55419+00,11
a6e7ef05-db1e-4576-8a77-56aaa657d438,math,derivative,Đạo hàm,2026,MULTIPLE_CHOICE,1,3,Cho y = \sin(x^2). Giá trị y^{\prime}(1) bằng,,"{""options"":[{""id"":""A"",""text"":""\\cos 1""},{""id"":""B"",""text"":""2\\cos 1""},{""id"":""C"",""text"":""2\\sin 1""},{""id"":""D"",""text"":""\\sin 1""}],""explanation"":""Theo chain rule, y' = \\cos(x^2)\\cdot 2x. Tại x=1 ta được y^{\\prime}(1)=2\\cos 1."",""correct_option_id"":""B""}","{""tags"":[""chain_rule"",""trigonometric_function"",""derivative_values""],""crawl_time"":""2026-04-15T09:00:00Z"",""hypothesis_tag"":""H03_Chain"",""quality_status"":""reviewed"",""source_provider"":""growmate_curated"",""source_question_id"":""MATH_DERIV_66""}",true,,2026-04-16 00:40:52.55419+00,2026-04-16 00:40:52.55419+00,11
a9e1de27-a3e1-47c2-8d57-74cc2176739a,math,derivative,Đạo hàm,2026,MULTIPLE_CHOICE,1,1,Đạo hàm của hàm số y = e^{2x} là,,"{""options"":[{""id"":""A"",""text"":""e^{2x}""},{""id"":""B"",""text"":""2e^{2x}""},{""id"":""C"",""text"":""2xe^{2x}""},{""id"":""D"",""text"":""e^{x}""}],""explanation"":""Áp dụng chain rule cho e^{u}: (e^{u})' = e^{u}u'. Với u = 2x thì u' = 2, do đó y' = 2e^{2x}."",""correct_option_id"":""B""}","{""tags"":[""exponential_function"",""rules"",""basic""],""crawl_time"":""2026-04-15T09:00:00Z"",""hypothesis_tag"":""H02_ExpLog"",""quality_status"":""reviewed"",""source_provider"":""growmate_curated"",""source_question_id"":""MATH_DERIV_57""}",true,,2026-04-16 00:40:52.55419+00,2026-04-16 00:40:52.55419+00,11
aa1231b5-3d89-4703-affb-4e0a57f6b928,math,derivative,Đạo hàm,2026,MULTIPLE_CHOICE,1,2,Cho hàm số y = x^{3} - 3x^{2} + 2. Viết phương trình tiếp tuyến của đồ thị hàm số tại giao điểm với đường thẳng y = -2.,,"{""options"":[{""id"":""A"",""text"":""y = -9x + 7""},{""id"":""B"",""text"":""y = -2""},{""id"":""C"",""text"":""y = 9x + 7; y = -2""},{""id"":""D"",""text"":""y = 9x + 7; y = 2""}],""explanation"":""Giao điểm tại x=-1 và x=2. Tính y^{\\prime} tại mỗi điểm để lập phương trình tiếp tuyến tương ứng."",""correct_option_id"":""C""}","{""tags"":[""tangent_line"",""intersection""],""crawl_time"":""2026-04-13T16:31:37.274487Z"",""hypothesis_tag"":""H04_Rules"",""quality_status"":""reviewed"",""source_provider"":""toanmath"",""source_question_id"":""MATH_DERIV_9""}",true,,2026-04-16 00:40:52.55419+00,2026-04-16 00:40:52.55419+00,11
ac3aa3ce-48a4-4383-9b3c-92250c8d23cb,math,derivative,Đạo hàm,2026,SHORT_ANSWER,3,3,"Với y = 2^x, hãy tính y^{\prime}(0).",,"{""explanation"":""Theo công thức (a^x)' = a^x\\ln a nên y' = 2^x\\ln 2. Tại x=0 ta được y^{\\prime}(0)=\\ln 2."",""exact_answer"":""\\ln(2)"",""accepted_answers"":[""\\ln(2)"",""\\ln(2)"",""0.6931""]}","{""tags"":[""exponential_function"",""derivative_values"",""rules""],""crawl_time"":""2026-04-15T09:00:00Z"",""hypothesis_tag"":""H02_ExpLog"",""quality_status"":""reviewed"",""source_provider"":""growmate_curated"",""source_question_id"":""MATH_DERIV_63""}",true,,2026-04-16 00:40:52.55419+00,2026-04-16 00:40:52.55419+00,11
ad4a4d9d-cf62-4cd7-924a-700b7573f43d,math,derivative,Đạo hàm,2026,SHORT_ANSWER,3,3,"Cho y = \sin x + \cos x. Trong khoảng (0; 2\pi), phương trình y^{\prime}=0 có bao nhiêu nghiệm?",,"{""explanation"":""Ta có y^{\\prime} = \\cos x - \\sin x = 0 \\Leftrightarrow \\tan x = 1. Trong (0; 2\\pi), nghiệm là x = \\pi/4 và x = 5\\pi/4 nên có 2 nghiệm."",""exact_answer"":""2"",""accepted_answers"":[""2""]}","{""tags"":[""trigonometry"",""trigonometric_equation"",""derivative_values""],""crawl_time"":""2026-04-15T09:00:00Z"",""hypothesis_tag"":""H01_Trig"",""quality_status"":""reviewed"",""source_provider"":""growmate_curated"",""source_question_id"":""MATH_DERIV_56""}",true,,2026-04-16 00:40:52.55419+00,2026-04-16 00:40:52.55419+00,11
b397a66b-c629-46e4-9174-8e6561b982b9,math,derivative,Đạo hàm,2026,MULTIPLE_CHOICE,1,3,Cho y = \ln(1+3x^2). Giá trị y^{\prime}(1) bằng,,"{""options"":[{""id"":""A"",""text"":""3/2""},{""id"":""B"",""text"":""6""},{""id"":""C"",""text"":""1/2""},{""id"":""D"",""text"":""2""}],""explanation"":""y' = \\frac{6x}{1+3x^2}. Tại x=1, y^{\\prime}(1)=\\frac{6}{4}=\\frac{3}{2}."",""correct_option_id"":""A""}","{""tags"":[""chain_rule"",""logarithm"",""composition""],""crawl_time"":""2026-04-15T09:00:00Z"",""hypothesis_tag"":""H03_Chain"",""quality_status"":""reviewed"",""source_provider"":""growmate_curated"",""source_question_id"":""MATH_DERIV_68""}",true,,2026-04-16 00:40:52.55419+00,2026-04-16 00:40:52.55419+00,11
baebbc19-ae69-429e-929f-5a3302211608,math,derivative,Đạo hàm,2026,MULTIPLE_CHOICE,1,1,Đạo hàm của hàm số y = 1 là,,"{""options"":[{""id"":""A"",""text"":""1.""},{""id"":""B"",""text"":""0.""},{""id"":""C"",""text"":""-1.""},{""id"":""D"",""text"":""Không xác định""}],""explanation"":""Hàm số hằng y = 1 có đạo hàm bằng 0 tại mọi điểm, nên đáp án đúng là 0."",""correct_option_id"":""B""}","{""tags"":[""rules"",""basic"",""derivative""],""crawl_time"":""2026-04-13T16:31:37.275117Z"",""hypothesis_tag"":""H04_Rules"",""quality_status"":""reviewed"",""source_provider"":""toanmath"",""source_question_id"":""MATH_DERIV_27""}",true,,2026-04-16 00:40:52.55419+00,2026-04-16 00:40:52.55419+00,11
c38a6adf-1fe9-482f-83e4-86d50f599f5e,math,derivative,Đạo hàm,2026,TRUE_FALSE_CLUSTER,2,2,Viết được phương trình tiếp tuyến của đồ thị hàm số y = 4/(x-1) tại điểm có hoành độ x_{0} = -1.,,"{""general_hint"":""Đạo hàm của hàm phân thức (1/u)' = -u^{\\prime}/u^2. Cẩn thận dấu giá trị khi tính y_{0} và k tại điểm có tọa độ âm. Hai đường thẳng vuông góc khi tích hệ số góc bằng -1. Kiểm tra giao điểm bằng cách giải phương trình hoành độ giao điểm f(x) = g(x)."",""sub_questions"":[{""id"":""a"",""text"":""Hệ số góc của phương trình tiếp tuyến bằng 1."",""is_true"":false,""explanation"":""Tiếp điểm được xác định là M(-1; -2) và hệ số góc k = -1, suy ra phương trình tiếp tuyến là y = -x - 3. Đối chiếu các phương án: (a) sai vì k=-1; (b) sai vì tiếp điểm đúng là (-1; -2); (c) sai vì hoành độ giao điểm giải ra là x = -4/3; (d) đúng vì tích hệ số góc (-1) * 1 = -1 thỏa mãn điều kiện vuông góc.""},{""id"":""b"",""text"":""Phương trình tiếp tuyến đi qua điểm M(-1;2)."",""is_true"":false,""explanation"":""Tiếp điểm được xác định là M(-1; -2) và hệ số góc k = -1, suy ra phương trình tiếp tuyến là y = -x - 3. Đối chiếu các phương án: (a) sai vì k=-1; (b) sai vì tiếp điểm đúng là (-1; -2); (c) sai vì hoành độ giao điểm giải ra là x = -4/3; (d) đúng vì tích hệ số góc (-1) * 1 = -1 thỏa mãn điều kiện vuông góc.""},{""id"":""c"",""text"":""Phương trình tiếp tuyến cắt đường thẳng y = 2x + 1 tại điểm có hoành độ bằng 4/3."",""is_true"":false,""explanation"":""Tiếp điểm được xác định là M(-1; -2) và hệ số góc k = -1, suy ra phương trình tiếp tuyến là y = -x - 3. Đối chiếu các phương án: (a) sai vì k=-1; (b) sai vì tiếp điểm đúng là (-1; -2); (c) sai vì hoành độ giao điểm giải ra là x = -4/3; (d) đúng vì tích hệ số góc (-1) * 1 = -1 thỏa mãn điều kiện vuông góc.""},{""id"":""d"",""text"":""Phương trình tiếp tuyến vuông góc với đường thẳng y = x + 1."",""is_true"":true,""explanation"":""Tiếp điểm được xác định là M(-1; -2) và hệ số góc k = -1, suy ra phương trình tiếp tuyến là y = -x - 3. Đối chiếu các phương án: (a) sai vì k=-1; (b) sai vì tiếp điểm đúng là (-1; -2); (c) sai vì hoành độ giao điểm giải ra là x = -4/3; (d) đúng vì tích hệ số góc (-1) * 1 = -1 thỏa mãn điều kiện vuông góc.""}]}","{""tags"":[""tangent_line"",""quotient_rule"",""perpendicular"",""intersection"",""rational_function""],""crawl_time"":""2026-04-13T16:31:37.276027Z"",""hypothesis_tag"":""H04_Rules"",""quality_status"":""reviewed"",""source_provider"":""toanmath"",""source_question_id"":""MATH_DERIV_33""}",true,,2026-04-16 00:40:52.55419+00,2026-04-16 00:40:52.55419+00,11
c7bdf9f3-5eed-451b-b067-b85742b661b4,math,derivative,Đạo hàm,2026,MULTIPLE_CHOICE,1,3,Cho y = \cos(2x). Giá trị của y^{\prime} tại x = \pi/3 là,,"{""options"":[{""id"":""A"",""text"":""-\\sqrt{3}""},{""id"":""B"",""text"":""\\sqrt{3}""},{""id"":""C"",""text"":""-1""},{""id"":""D"",""text"":""1""}],""explanation"":""y^{\\prime} = -2\\sin(2x). Tại x = \\pi/3 thì y^{\\prime} = -2\\sin(2\\pi/3) = -2\\cdot \\sqrt{3}/2 = -\\sqrt{3}."",""correct_option_id"":""A""}","{""tags"":[""trigonometry"",""trigonometric_function"",""derivative_values""],""crawl_time"":""2026-04-15T09:00:00Z"",""hypothesis_tag"":""H01_Trig"",""quality_status"":""reviewed"",""source_provider"":""growmate_curated"",""source_question_id"":""MATH_DERIV_52""}",true,,2026-04-16 00:40:52.55419+00,2026-04-16 00:40:52.55419+00,11
c835f518-4bbe-4f03-8af1-157dbc34e8ce,math,derivative,Đạo hàm,2026,TRUE_FALSE_CLUSTER,2,2,Cho hàm số f(x) = 2x^{3} - 6x^{2} - m + 1. Xét tính đúng sai,,"{""general_hint"":""Đạo hàm của x^{2} là 2x, nên (6x^{2})’ = 12x. Đừng nhầm lẫn hệ số. Giá trị nhỏ nhất của hàm số bậc hai ax^{2} + bx + c (a > 0) đạt được tại đỉnh x = -b/2a. Để hai giá trị f(a) và f(b) trái dấu, tích của chúng phải nhỏ hơn 0. Hãy giải bất phương trình bậc hai theo tham số m."",""sub_questions"":[{""id"":""a"",""text"":""f^{\\prime}(x) = 6x^{2} - 6x."",""is_true"":false,""explanation"":""Đạo hàm đúng là f’(x) = 6x^{2} - 12x. Qua các bước tính toán: (a) sai vì sai hệ số đạo hàm; (b) sai vì tổng 12 + 0 = 12; (c) sai vì giá trị nhỏ nhất của f’(x) là -6 tại x = 1; (d) đúng vì điều kiện cực trị trái dấu dẫn đến -7 < m < 1, bao gồm 7 số nguyên từ -6 đến 0.""},{""id"":""b"",""text"":""f^{\\prime}'(2) + f^{\\prime}(2) = 10."",""is_true"":false,""explanation"":""Đạo hàm đúng là f’(x) = 6x^{2} - 12x. Qua các bước tính toán: (a) sai vì sai hệ số đạo hàm; (b) sai vì tổng 12 + 0 = 12; (c) sai vì giá trị nhỏ nhất của f’(x) là -6 tại x = 1; (d) đúng vì điều kiện cực trị trái dấu dẫn đến -7 < m < 1, bao gồm 7 số nguyên từ -6 đến 0.""},{""id"":""c"",""text"":""Giá trị nhỏ nhất của f^{\\prime}(x) bằng -7."",""is_true"":false,""explanation"":""Đạo hàm đúng là f’(x) = 6x^{2} - 12x. Qua các bước tính toán: (a) sai vì sai hệ số đạo hàm; (b) sai vì tổng 12 + 0 = 12; (c) sai vì giá trị nhỏ nhất của f’(x) là -6 tại x = 1; (d) đúng vì điều kiện cực trị trái dấu dẫn đến -7 < m < 1, bao gồm 7 số nguyên từ -6 đến 0.""},{""id"":""d"",""text"":""Tồn tại hai giá trị a, b thỏa mãn f^{\\prime}(a) = f^{\\prime}(b) = 0 thì có 7 số nguyên m để f(a), f(b) trái dấu."",""is_true"":true,""explanation"":""Đạo hàm đúng là f’(x) = 6x^{2} - 12x. Qua các bước tính toán: (a) sai vì sai hệ số đạo hàm; (b) sai vì tổng 12 + 0 = 12; (c) sai vì giá trị nhỏ nhất của f’(x) là -6 tại x = 1; (d) đúng vì điều kiện cực trị trái dấu dẫn đến -7 < m < 1, bao gồm 7 số nguyên từ -6 đến 0.""}]}","{""tags"":[""second_order_derivative"",""min_max"",""quadratic_function"",""extreme_values"",""parameter""],""crawl_time"":""2026-04-13T16:31:37.276447Z"",""hypothesis_tag"":""H04_Rules"",""quality_status"":""reviewed"",""source_provider"":""toanmath"",""source_question_id"":""MATH_DERIV_39""}",true,,2026-04-16 00:40:52.55419+00,2026-04-16 00:40:52.55419+00,11
ca47e315-a4b2-48d1-8607-9d51cdab10be,math,derivative,Đạo hàm,2026,MULTIPLE_CHOICE,1,2,Cho hàm số y = x^{3} - 3x^{2} + 2. Viết phương trình tiếp tuyến của đồ thị hàm số biết tiếp tuyến song song với đường thẳng y = 9x + 7.,,"{""options"":[{""id"":""A"",""text"":""y = 9x + 7; y = 9x - 25""},{""id"":""B"",""text"":""y = 9x - 25""},{""id"":""C"",""text"":""y = 9x - 7; y = 9x + 25""},{""id"":""D"",""text"":""y = 9x + 25""}],""explanation"":""y^{\\prime} = 3x^{2} - 6x = 9 \\Rightarrow x = -1, x = 3. Loại x = -1, nhận x = 3 \\Rightarrow y = 9x - 25"",""correct_option_id"":""B""}","{""tags"":[""tangent_line"",""parallel""],""crawl_time"":""2026-04-13T16:31:37.274540Z"",""hypothesis_tag"":""H04_Rules"",""quality_status"":""reviewed"",""source_provider"":""toanmath"",""source_question_id"":""MATH_DERIV_10""}",true,,2026-04-16 00:40:52.55419+00,2026-04-16 00:40:52.55419+00,11
d169d045-8ab2-4930-a208-2b337ca713ae,math,derivative,Đạo hàm,2026,SHORT_ANSWER,3,3,Cho hàm số f(x) = -x^{3} + 3mx^{2} - 12x + 3 với m là tham số thực. Số giá trị nguyên của m để f^{\prime}(x) \le 0 với ∀x ∈ ℝ là bao nhiêu?,,"{""explanation"":""Đạo hàm của hàm số là f’(x) = -3x^{2} + 6mx - 12. Để f’(x) \\le 0, ∀x ∈ ℝ, vì hệ số a = -3 < 0 nên ta chỉ cần giải điều kiện Δ’ \\le 0. Ta có Δ’ = 9m^{2} - 36 \\le 0 \\Leftrightarrow m^{2} \\le 4, suy ra -2 \\le m \\le 2. Các giá trị nguyên thỏa mãn là {-2, -1, 0, 1, 2}, tổng cộng có 5 giá trị."",""exact_answer"":""5"",""accepted_answers"":[""5""]}","{""tags"":[""parameter"",""quadratic_inequality"",""discriminant"",""polynomial_function""],""crawl_time"":""2026-04-13T16:31:37.276311Z"",""hypothesis_tag"":""H04_Rules"",""quality_status"":""reviewed"",""source_provider"":""toanmath"",""source_question_id"":""MATH_DERIV_38""}",true,,2026-04-16 00:40:52.55419+00,2026-04-16 00:40:52.55419+00,11
d18dcbf1-06af-43d8-8146-25cdf7f53a2f,math,derivative,Đạo hàm,2026,MULTIPLE_CHOICE,1,1,Đạo hàm của hàm số y = \tan x tại x = 0 bằng,,"{""options"":[{""id"":""A"",""text"":""0""},{""id"":""B"",""text"":""1""},{""id"":""C"",""text"":""-1""},{""id"":""D"",""text"":""\\sqrt{2}""}],""explanation"":""(\\tan x)' = \\sec^2 x. Tại x = 0: \\sec^2 0 = 1."",""correct_option_id"":""B""}","{""tags"":[""trigonometry"",""rules"",""basic""],""crawl_time"":""2026-04-15T09:00:00Z"",""hypothesis_tag"":""H01_Trig"",""quality_status"":""reviewed"",""source_provider"":""growmate_curated"",""source_question_id"":""MATH_DERIV_53""}",true,,2026-04-16 00:40:52.55419+00,2026-04-16 00:40:52.55419+00,11
db720c46-5e3a-453b-91cd-81d3d3bca07b,math,derivative,Đạo hàm,2026,SHORT_ANSWER,3,2,Cho chuyển động s = 2t^{3} + 6t^{2} - t. Vận tốc tức thời tại t = 3 s là bao nhiêu?,,"{""explanation"":""v(t) = 6t^{2} + 12t - 1. Tại t = 3, v(3) = 6(9) + 12(3) - 1 = 54 + 36 - 1 = 89"",""exact_answer"":""89"",""accepted_answers"":[""89""]}","{""tags"":[""velocity"",""calculation""],""crawl_time"":""2026-04-13T16:31:37.274867Z"",""hypothesis_tag"":""H04_Rules"",""quality_status"":""reviewed"",""source_provider"":""toanmath"",""source_question_id"":""MATH_DERIV_18""}",true,,2026-04-16 00:40:52.55419+00,2026-04-16 00:40:52.55419+00,11
deef8479-09e4-45ad-a528-a009282d8905,math,derivative,Đạo hàm,2026,MULTIPLE_CHOICE,1,3,Cho y = \ln(x^2+1). Giá trị y^{\prime}(1) bằng,,"{""options"":[{""id"":""A"",""text"":""1""},{""id"":""B"",""text"":""2""},{""id"":""C"",""text"":""1/2""},{""id"":""D"",""text"":""3/2""}],""explanation"":""y' = \\frac{2x}{x^2+1}. Tại x=1 được y^{\\prime}(1)=\\frac{2}{2}=1."",""correct_option_id"":""A""}","{""tags"":[""logarithm"",""chain_rule"",""calculation""],""crawl_time"":""2026-04-15T09:00:00Z"",""hypothesis_tag"":""H02_ExpLog"",""quality_status"":""reviewed"",""source_provider"":""growmate_curated"",""source_question_id"":""MATH_DERIV_61""}",true,,2026-04-16 00:40:52.55419+00,2026-04-16 00:40:52.55419+00,11
df3acc66-dda5-4607-8d64-1ceb4994c34c,math,derivative,Đạo hàm,2026,TRUE_FALSE_CLUSTER,2,2,Cho y = 2 \sin x + 3 \cos x. Xét tính đúng sai,,"{""general_hint"":""Khi biết \\tan α, sử dụng công thức lượng giác \\tan 2α = 2tan α / (1 - \\tan^{2}α) để tính các giá trị liên quan."",""sub_questions"":[{""id"":""a"",""text"":""y’ = 2 \\cos x - 3 \\sin x."",""is_true"":true,""explanation"":""Đạo hàm là y’ = 2 \\cos x - 3 \\sin x (a đúng). Từ y’(α) = 0 suy ra \\tan α = 2/3, thay vào công thức nhân đôi ta được \\tan 2α = 12/5 (b đúng). Giá trị lớn nhất của y’’ là \\sqrt13, không phải số nguyên (c sai). Phương trình \\tan x = 2/3 có chu kỳ \\pi, nên trong khoảng (0; 4\\pi) sẽ có 4 nghiệm (d đúng).""},{""id"":""b"",""text"":""Nếu α thỏa y’(α) = 0 thì \\tan 2α = 12/5."",""is_true"":true,""explanation"":""Đạo hàm là y’ = 2 \\cos x - 3 \\sin x (a đúng). Từ y’(α) = 0 suy ra \\tan α = 2/3, thay vào công thức nhân đôi ta được \\tan 2α = 12/5 (b đúng). Giá trị lớn nhất của y’’ là \\sqrt13, không phải số nguyên (c sai). Phương trình \\tan x = 2/3 có chu kỳ \\pi, nên trong khoảng (0; 4\\pi) sẽ có 4 nghiệm (d đúng).""},{""id"":""c"",""text"":""y’’ có max là số nguyên."",""is_true"":false,""explanation"":""Đạo hàm là y’ = 2 \\cos x - 3 \\sin x (a đúng). Từ y’(α) = 0 suy ra \\tan α = 2/3, thay vào công thức nhân đôi ta được \\tan 2α = 12/5 (b đúng). Giá trị lớn nhất của y’’ là \\sqrt13, không phải số nguyên (c sai). Phương trình \\tan x = 2/3 có chu kỳ \\pi, nên trong khoảng (0; 4\\pi) sẽ có 4 nghiệm (d đúng).""},{""id"":""d"",""text"":""y’ = 0 có 4 nghiệm trong (0; 4\\pi)."",""is_true"":true,""explanation"":""Đạo hàm là y’ = 2 \\cos x - 3 \\sin x (a đúng). Từ y’(α) = 0 suy ra \\tan α = 2/3, thay vào công thức nhân đôi ta được \\tan 2α = 12/5 (b đúng). Giá trị lớn nhất của y’’ là \\sqrt13, không phải số nguyên (c sai). Phương trình \\tan x = 2/3 có chu kỳ \\pi, nên trong khoảng (0; 4\\pi) sẽ có 4 nghiệm (d đúng).""}]}","{""tags"":[""trigonometric_function"",""double_angle_formula"",""derivative_values"",""periodic_function""],""crawl_time"":""2026-04-13T16:31:37.276649Z"",""hypothesis_tag"":""H01_Trig"",""quality_status"":""reviewed"",""source_provider"":""toanmath"",""source_question_id"":""MATH_DERIV_42""}",true,,2026-04-16 00:40:52.55419+00,2026-04-16 00:40:52.55419+00,11
e1faa941-422f-470d-a3f6-c89bca93a5f3,math,derivative,Đạo hàm,2026,SHORT_ANSWER,3,2,"Một chất điểm chuyển động có phương trình s(t) = -3t^{3} + 9t^{2} + 2, trong đó t > 0. Hỏi tại thời điểm nào thì vận tốc của vật đạt giá trị lớn nhất?",,"{""explanation"":""Hàm vận tốc v(t) = -9t^{2} + 18t là một hàm số bậc hai có đồ thị là một parabol quay bề lõm xuống dưới (do hệ số a = -9 < 0). Cực đại: Vận tốc đạt giá trị lớn nhất tại đỉnh của parabol: t = -b/(2a) = 1. Tại t = 1, vận tốc cực đại là v(1) = 9"",""exact_answer"":""1"",""accepted_answers"":[""1""]}","{""tags"":[""velocity"",""min_max"",""derivative""],""crawl_time"":""2026-04-13T16:31:37.274964Z"",""hypothesis_tag"":""H04_Rules"",""quality_status"":""reviewed"",""source_provider"":""toanmath"",""source_question_id"":""MATH_DERIV_22""}",true,,2026-04-16 00:40:52.55419+00,2026-04-16 00:40:52.55419+00,11
e4956e52-5293-436b-acbf-2581b5902096,math,derivative,Đạo hàm,2026,SHORT_ANSWER,3,3,Cho y = (mx+1)^3. Tìm m để y^{\prime}(0)=6.,,"{""explanation"":""Ta có y' = 3(mx+1)^2\\cdot m. Tại x=0: y^{\\prime}(0)=3m. Điều kiện 3m=6 suy ra m=2."",""exact_answer"":""2"",""accepted_answers"":[""2""]}","{""tags"":[""chain_rule"",""parameter"",""composition""],""crawl_time"":""2026-04-15T09:00:00Z"",""hypothesis_tag"":""H03_Chain"",""quality_status"":""reviewed"",""source_provider"":""growmate_curated"",""source_question_id"":""MATH_DERIV_72""}",true,,2026-04-16 00:40:52.55419+00,2026-04-16 00:40:52.55419+00,11
e51de32c-a852-4bf9-9a36-a4986a9cd4df,math,derivative,Đạo hàm,2026,SHORT_ANSWER,3,3,"Cho hàm số y = (m + 2)x^{3} + 3(m + 2)x^{2} + 3x - 1, m là tham số. Số các giá trị nguyên m để y^{\prime} \ge 0, ∀x ∈ ℝ là bao nhiêu?",,"{""explanation"":""Đạo hàm là y’ = 3(m + 2)x^{2} + 6(m + 2)x + 3. Xét m = -2, ta có y’ = 3 > 0 (thỏa mãn). Xét m \\ne -2, điều kiện y’ \\ge 0, ∀x ∈ ℝ tương đương với a > 0 và Δ’ \\le 0, giải ra được -2 < m \\le -1. Tổng hợp lại ta có -2 \\le m \\le -1. Do đó, có 2 giá trị nguyên của m là -2 và -1."",""exact_answer"":""2"",""accepted_answers"":[""2""]}","{""tags"":[""parameter"",""quadratic_inequality"",""discriminant"",""calculus_application""],""crawl_time"":""2026-04-13T16:31:37.276257Z"",""hypothesis_tag"":""H04_Rules"",""quality_status"":""reviewed"",""source_provider"":""toanmath"",""source_question_id"":""MATH_DERIV_37""}",true,,2026-04-16 00:40:52.55419+00,2026-04-16 00:40:52.55419+00,11
ea9b9b56-87c4-487e-93ff-40b094d73394,math,derivative,Đạo hàm,2026,MULTIPLE_CHOICE,1,1,Đạo hàm của hàm số y = \sin(x) + \cos(x) + 2025 là,,"{""options"":[{""id"":""A"",""text"":""\\cos(x) - \\sin(x)""},{""id"":""B"",""text"":""\\sin(x) + \\cos(x)""},{""id"":""C"",""text"":""\\cos(x) + \\sin(x)""},{""id"":""D"",""text"":""-\\cos(x) + \\sin(x)""}],""explanation"":""y^{\\prime} = \\cos x - \\sin x + 0."",""correct_option_id"":""A""}","{""tags"":[""trigonometry"",""rules""],""crawl_time"":""2026-04-13T16:31:37.274626Z"",""hypothesis_tag"":""H01_Trig"",""quality_status"":""reviewed"",""source_provider"":""toanmath"",""source_question_id"":""MATH_DERIV_12""}",true,,2026-04-16 00:40:52.55419+00,2026-04-16 00:40:52.55419+00,11
ebaf8690-78da-4396-b928-816d783db740,math,derivative,Đạo hàm,2026,MULTIPLE_CHOICE,1,1,Tính đạo hàm của hàm số y = -x^{2} + 2x tại x_{0} = 1.,,"{""options"":[{""id"":""A"",""text"":""2""},{""id"":""B"",""text"":""-1""},{""id"":""C"",""text"":""-2""},{""id"":""D"",""text"":""0""}],""explanation"":""y^{\\prime} = -2x + 2. Tại x=1, y^{\\prime}(1) = -2(1) + 2 = 0."",""correct_option_id"":""D""}","{""tags"":[""derivative"",""calculation"",""definition""],""crawl_time"":""2026-04-13T16:31:37.274197Z"",""hypothesis_tag"":""H04_Rules"",""quality_status"":""reviewed"",""source_provider"":""toanmath"",""source_question_id"":""MATH_DERIV_3""}",true,,2026-04-16 00:40:52.55419+00,2026-04-16 00:40:52.55419+00,11
ecd095d8-3d53-4997-915c-cfd24fec20fb,math,derivative,Đạo hàm,2026,MULTIPLE_CHOICE,1,3,Đạo hàm của y = \cos(3x^2-1) là,,"{""options"":[{""id"":""A"",""text"":""-\\sin(3x^2-1)""},{""id"":""B"",""text"":""-6x\\sin(3x^2-1)""},{""id"":""C"",""text"":""6x\\cos(3x^2-1)""},{""id"":""D"",""text"":""6x\\sin(3x^2-1)""}],""explanation"":""Theo chain rule: (\\cos u)' = -\\sin u\\cdot u'. Với u=3x^2-1, u'=6x nên y'=-6x\\sin(3x^2-1)."",""correct_option_id"":""B""}","{""tags"":[""chain_rule"",""trigonometric_function"",""composition""],""crawl_time"":""2026-04-15T09:00:00Z"",""hypothesis_tag"":""H03_Chain"",""quality_status"":""reviewed"",""source_provider"":""growmate_curated"",""source_question_id"":""MATH_DERIV_70""}",true,,2026-04-16 00:40:52.55419+00,2026-04-16 00:40:52.55419+00,11
f2e87175-b9f8-4fbf-b8b6-79b3be8ad083,math,derivative,Đạo hàm,2026,SHORT_ANSWER,3,2,Tính đạo hàm (bằng định nghĩa) của hàm số y = 2x^{2} + x + 1 tại x_{0} = 2,,"{""explanation"":""\\frac{2(x^{2} - 4) + (x - 2)}{x - 2} = 2x + 5, \\lim_{x \\to 2}(2x + 5) = 9."",""exact_answer"":""9"",""accepted_answers"":[""9""]}","{""tags"":[""definition"",""limit""],""crawl_time"":""2026-04-13T16:31:37.274912Z"",""hypothesis_tag"":""H04_Rules"",""quality_status"":""reviewed"",""source_provider"":""toanmath"",""source_question_id"":""MATH_DERIV_20""}",true,,2026-04-16 00:40:52.55419+00,2026-04-16 00:40:52.55419+00,11
f3828cdd-7d29-4737-8ccf-91b586133f2f,math,derivative,Đạo hàm,2026,SHORT_ANSWER,3,2,Cho y = x^{3} - 3x + 1. Tiếp tuyến tại giao điểm với trục tung có dạng y = ax + b. Tính 2a + 5b.,,"{""explanation"":""Giao điểm là (0; 1). y^{\\prime} = 3x^{2} - 3 \\Rightarrow f^{\\prime}(0) = -3. PTTT: y = -3x + 1. 2(-3) + 5(1) = -1"",""exact_answer"":""-1"",""accepted_answers"":[""-1""]}","{""tags"":[""tangent_line"",""calculation""],""crawl_time"":""2026-04-13T16:31:37.274796Z"",""hypothesis_tag"":""H04_Rules"",""quality_status"":""reviewed"",""source_provider"":""toanmath"",""source_question_id"":""MATH_DERIV_17""}",true,,2026-04-16 00:40:52.55419+00,2026-04-16 00:40:52.55419+00,11
f4461fa8-9492-457e-ba6a-a82f950c0da5,math,derivative,Đạo hàm,2026,MULTIPLE_CHOICE,1,1,Cho hàm số f(x) = x^{3} + 1 có đồ thị (C). Hệ số góc của tiếp tuyến của đồ thị (C) tại điểm có hoành độ x = 1 là,,"{""options"":[{""id"":""A"",""text"":""f^{\\prime}(1) = 3""},{""id"":""B"",""text"":""f^{\\prime}(1) = -3""},{""id"":""C"",""text"":""f^{\\prime}(1) = 4""},{""id"":""D"",""text"":""f^{\\prime}(1) = -4""}],""explanation"":""f^{\\prime}(x) = 3x^{2}, suy ra f^{\\prime}(1) = 3"",""correct_option_id"":""A""}","{""tags"":[""slope"",""tangent_line"",""calculation""],""crawl_time"":""2026-04-13T16:31:37.274294Z"",""hypothesis_tag"":""H04_Rules"",""quality_status"":""reviewed"",""source_provider"":""toanmath"",""source_question_id"":""MATH_DERIV_5""}",true,,2026-04-16 00:40:52.55419+00,2026-04-16 00:40:52.55419+00,11
f86f4608-3da1-4e2d-ad6d-284810304254,math,derivative,Đạo hàm,2026,MULTIPLE_CHOICE,1,3,Chuyển động có phương trình s = 5 + \sin(0.8\pi t + \pi/6). Tính giá trị tuyệt đối của gia tốc tại thời điểm vận tốc bằng 0.,,"{""options"":[{""id"":""A"",""text"":""0.64\\pi^{2}""},{""id"":""B"",""text"":""10.64\\pi^{2}""},{""id"":""C"",""text"":""0.32\\pi^{2}""},{""id"":""D"",""text"":""0.14\\pi^{2}""}],""explanation"":""v = 0.8\\pi\\cos(u), v = 0 \\Leftrightarrow \\cos(u) = 0 \\Leftrightarrow |\\sin(u)| = 1. |a| = |-0.64\\pi^{2}\\sin(u)| = 0.64\\pi^{2}"",""correct_option_id"":""A""}","{""tags"":[""harmonic_motion"",""acceleration"",""trigonometry""],""crawl_time"":""2026-04-13T16:31:37.274437Z"",""hypothesis_tag"":""H01_Trig"",""quality_status"":""reviewed"",""source_provider"":""toanmath"",""source_question_id"":""MATH_DERIV_8""}",true,,2026-04-16 00:40:52.55419+00,2026-04-16 00:40:52.55419+00,11